"measurement_record_id","test_run_id","measurement_area","metric_name","metric_value","unit","result_classification","mandatory_guardrail","guardrail_pass","reviewer_judgment","evidence_path","reviewer","notes"
"MR-EXT-SMOKE-001-01","TR-EXT-SMOKE-001","smoke expectation","expectation_pass","True","boolean","passed","Yes","Yes","Expected smoke behavior was observed.",".local/ai-feasibility-spike/results/extraction/EX-LOCAL-PHP-001/smoke-20260715-191900/raw/TC-EXT-SMOKE-001-FX-PDF-001.json","Project team","EX-LOCAL-PHP-001 smoke run; local-only fixture processing; no external transmission."
"MR-EXT-SMOKE-001-02","TR-EXT-SMOKE-001","extraction outcome","result_status","success","status","observed","No","","Recorded for candidate comparison.",".local/ai-feasibility-spike/results/extraction/EX-LOCAL-PHP-001/smoke-20260715-191900/raw/TC-EXT-SMOKE-001-FX-PDF-001.json","Project team","EX-LOCAL-PHP-001 smoke run; local-only fixture processing; no external transmission."
"MR-EXT-SMOKE-001-03","TR-EXT-SMOKE-001","extraction output","text_char_count","3657","characters","observed","No","","Interpret with fixture type and expected boundary behavior.",".local/ai-feasibility-spike/results/extraction/EX-LOCAL-PHP-001/smoke-20260715-191900/raw/TC-EXT-SMOKE-001-FX-PDF-001.json","Project team","EX-LOCAL-PHP-001 smoke run; local-only fixture processing; no external transmission."
"MR-EXT-SMOKE-001-04","TR-EXT-SMOKE-001","locator preservation","locator_count","2","locators","observed","No","","Smoke-level structural locator count only; detailed fidelity remains for full review.",".local/ai-feasibility-spike/results/extraction/EX-LOCAL-PHP-001/smoke-20260715-191900/raw/TC-EXT-SMOKE-001-FX-PDF-001.json","Project team","EX-LOCAL-PHP-001 smoke run; local-only fixture processing; no external transmission."
"MR-EXT-SMOKE-001-05","TR-EXT-SMOKE-001","performance","elapsed_ms","22.21","milliseconds","observed","No","","Single smoke observation; not a final performance conclusion.",".local/ai-feasibility-spike/results/extraction/EX-LOCAL-PHP-001/smoke-20260715-191900/raw/TC-EXT-SMOKE-001-FX-PDF-001.json","Project team","EX-LOCAL-PHP-001 smoke run; local-only fixture processing; no external transmission."
"MR-EXT-SMOKE-001-06","TR-EXT-SMOKE-001","resource use","memory_peak_delta_bytes","0","bytes","observed","No","","PHP-reported peak-memory delta for the isolated worker process.",".local/ai-feasibility-spike/results/extraction/EX-LOCAL-PHP-001/smoke-20260715-191900/raw/TC-EXT-SMOKE-001-FX-PDF-001.json","Project team","EX-LOCAL-PHP-001 smoke run; local-only fixture processing; no external transmission."
"MR-EXT-SMOKE-001-07","TR-EXT-SMOKE-001","warning handling","warning_count","0","warnings","observed","No","","Warnings are retained in local raw evidence for review.",".local/ai-feasibility-spike/results/extraction/EX-LOCAL-PHP-001/smoke-20260715-191900/raw/TC-EXT-SMOKE-001-FX-PDF-001.json","Project team","EX-LOCAL-PHP-001 smoke run; local-only fixture processing; no external transmission."
"MR-EXT-SMOKE-002-01","TR-EXT-SMOKE-002","smoke expectation","expectation_pass","True","boolean","passed","Yes","Yes","Expected smoke behavior was observed.",".local/ai-feasibility-spike/results/extraction/EX-LOCAL-PHP-001/smoke-20260715-191900/raw/TC-EXT-SMOKE-002-FX-DOCX-001.json","Project team","EX-LOCAL-PHP-001 smoke run; local-only fixture processing; no external transmission."
"MR-EXT-SMOKE-002-02","TR-EXT-SMOKE-002","extraction outcome","result_status","success","status","observed","No","","Recorded for candidate comparison.",".local/ai-feasibility-spike/results/extraction/EX-LOCAL-PHP-001/smoke-20260715-191900/raw/TC-EXT-SMOKE-002-FX-DOCX-001.json","Project team","EX-LOCAL-PHP-001 smoke run; local-only fixture processing; no external transmission."
"MR-EXT-SMOKE-002-03","TR-EXT-SMOKE-002","extraction output","text_char_count","2297","characters","observed","No","","Interpret with fixture type and expected boundary behavior.",".local/ai-feasibility-spike/results/extraction/EX-LOCAL-PHP-001/smoke-20260715-191900/raw/TC-EXT-SMOKE-002-FX-DOCX-001.json","Project team","EX-LOCAL-PHP-001 smoke run; local-only fixture processing; no external transmission."
"MR-EXT-SMOKE-002-04","TR-EXT-SMOKE-002","locator preservation","locator_count","21","locators","observed","No","","Smoke-level structural locator count only; detailed fidelity remains for full review.",".local/ai-feasibility-spike/results/extraction/EX-LOCAL-PHP-001/smoke-20260715-191900/raw/TC-EXT-SMOKE-002-FX-DOCX-001.json","Project team","EX-LOCAL-PHP-001 smoke run; local-only fixture processing; no external transmission."
"MR-EXT-SMOKE-002-05","TR-EXT-SMOKE-002","performance","elapsed_ms","61.812","milliseconds","observed","No","","Single smoke observation; not a final performance conclusion.",".local/ai-feasibility-spike/results/extraction/EX-LOCAL-PHP-001/smoke-20260715-191900/raw/TC-EXT-SMOKE-002-FX-DOCX-001.json","Project team","EX-LOCAL-PHP-001 smoke run; local-only fixture processing; no external transmission."
"MR-EXT-SMOKE-002-06","TR-EXT-SMOKE-002","resource use","memory_peak_delta_bytes","0","bytes","observed","No","","PHP-reported peak-memory delta for the isolated worker process.",".local/ai-feasibility-spike/results/extraction/EX-LOCAL-PHP-001/smoke-20260715-191900/raw/TC-EXT-SMOKE-002-FX-DOCX-001.json","Project team","EX-LOCAL-PHP-001 smoke run; local-only fixture processing; no external transmission."
"MR-EXT-SMOKE-002-07","TR-EXT-SMOKE-002","warning handling","warning_count","0","warnings","observed","No","","Warnings are retained in local raw evidence for review.",".local/ai-feasibility-spike/results/extraction/EX-LOCAL-PHP-001/smoke-20260715-191900/raw/TC-EXT-SMOKE-002-FX-DOCX-001.json","Project team","EX-LOCAL-PHP-001 smoke run; local-only fixture processing; no external transmission."
"MR-EXT-SMOKE-003-01","TR-EXT-SMOKE-003","smoke expectation","expectation_pass","True","boolean","passed","Yes","Yes","Expected smoke behavior was observed.",".local/ai-feasibility-spike/results/extraction/EX-LOCAL-PHP-001/smoke-20260715-191900/raw/TC-EXT-SMOKE-003-FX-PPTX-001.json","Project team","EX-LOCAL-PHP-001 smoke run; local-only fixture processing; no external transmission."
"MR-EXT-SMOKE-003-02","TR-EXT-SMOKE-003","extraction outcome","result_status","success","status","observed","No","","Recorded for candidate comparison.",".local/ai-feasibility-spike/results/extraction/EX-LOCAL-PHP-001/smoke-20260715-191900/raw/TC-EXT-SMOKE-003-FX-PPTX-001.json","Project team","EX-LOCAL-PHP-001 smoke run; local-only fixture processing; no external transmission."
"MR-EXT-SMOKE-003-03","TR-EXT-SMOKE-003","extraction output","text_char_count","4205","characters","observed","No","","Interpret with fixture type and expected boundary behavior.",".local/ai-feasibility-spike/results/extraction/EX-LOCAL-PHP-001/smoke-20260715-191900/raw/TC-EXT-SMOKE-003-FX-PPTX-001.json","Project team","EX-LOCAL-PHP-001 smoke run; local-only fixture processing; no external transmission."
"MR-EXT-SMOKE-003-04","TR-EXT-SMOKE-003","locator preservation","locator_count","8","locators","observed","No","","Smoke-level structural locator count only; detailed fidelity remains for full review.",".local/ai-feasibility-spike/results/extraction/EX-LOCAL-PHP-001/smoke-20260715-191900/raw/TC-EXT-SMOKE-003-FX-PPTX-001.json","Project team","EX-LOCAL-PHP-001 smoke run; local-only fixture processing; no external transmission."
"MR-EXT-SMOKE-003-05","TR-EXT-SMOKE-003","performance","elapsed_ms","23.385","milliseconds","observed","No","","Single smoke observation; not a final performance conclusion.",".local/ai-feasibility-spike/results/extraction/EX-LOCAL-PHP-001/smoke-20260715-191900/raw/TC-EXT-SMOKE-003-FX-PPTX-001.json","Project team","EX-LOCAL-PHP-001 smoke run; local-only fixture processing; no external transmission."
"MR-EXT-SMOKE-003-06","TR-EXT-SMOKE-003","resource use","memory_peak_delta_bytes","2097152","bytes","observed","No","","PHP-reported peak-memory delta for the isolated worker process.",".local/ai-feasibility-spike/results/extraction/EX-LOCAL-PHP-001/smoke-20260715-191900/raw/TC-EXT-SMOKE-003-FX-PPTX-001.json","Project team","EX-LOCAL-PHP-001 smoke run; local-only fixture processing; no external transmission."
"MR-EXT-SMOKE-003-07","TR-EXT-SMOKE-003","warning handling","warning_count","0","warnings","observed","No","","Warnings are retained in local raw evidence for review.",".local/ai-feasibility-spike/results/extraction/EX-LOCAL-PHP-001/smoke-20260715-191900/raw/TC-EXT-SMOKE-003-FX-PPTX-001.json","Project team","EX-LOCAL-PHP-001 smoke run; local-only fixture processing; no external transmission."
"MR-EXT-SMOKE-004-01","TR-EXT-SMOKE-004","smoke expectation","expectation_pass","True","boolean","passed","Yes","Yes","Expected smoke behavior was observed.",".local/ai-feasibility-spike/results/extraction/EX-LOCAL-PHP-001/smoke-20260715-191900/raw/TC-EXT-SMOKE-004-FX-TXT-001.json","Project team","EX-LOCAL-PHP-001 smoke run; local-only fixture processing; no external transmission."
"MR-EXT-SMOKE-004-02","TR-EXT-SMOKE-004","extraction outcome","result_status","success","status","observed","No","","Recorded for candidate comparison.",".local/ai-feasibility-spike/results/extraction/EX-LOCAL-PHP-001/smoke-20260715-191900/raw/TC-EXT-SMOKE-004-FX-TXT-001.json","Project team","EX-LOCAL-PHP-001 smoke run; local-only fixture processing; no external transmission."
"MR-EXT-SMOKE-004-03","TR-EXT-SMOKE-004","extraction output","text_char_count","1828","characters","observed","No","","Interpret with fixture type and expected boundary behavior.",".local/ai-feasibility-spike/results/extraction/EX-LOCAL-PHP-001/smoke-20260715-191900/raw/TC-EXT-SMOKE-004-FX-TXT-001.json","Project team","EX-LOCAL-PHP-001 smoke run; local-only fixture processing; no external transmission."
"MR-EXT-SMOKE-004-04","TR-EXT-SMOKE-004","locator preservation","locator_count","14","locators","observed","No","","Smoke-level structural locator count only; detailed fidelity remains for full review.",".local/ai-feasibility-spike/results/extraction/EX-LOCAL-PHP-001/smoke-20260715-191900/raw/TC-EXT-SMOKE-004-FX-TXT-001.json","Project team","EX-LOCAL-PHP-001 smoke run; local-only fixture processing; no external transmission."
"MR-EXT-SMOKE-004-05","TR-EXT-SMOKE-004","performance","elapsed_ms","50.3","milliseconds","observed","No","","Single smoke observation; not a final performance conclusion.",".local/ai-feasibility-spike/results/extraction/EX-LOCAL-PHP-001/smoke-20260715-191900/raw/TC-EXT-SMOKE-004-FX-TXT-001.json","Project team","EX-LOCAL-PHP-001 smoke run; local-only fixture processing; no external transmission."
"MR-EXT-SMOKE-004-06","TR-EXT-SMOKE-004","resource use","memory_peak_delta_bytes","0","bytes","observed","No","","PHP-reported peak-memory delta for the isolated worker process.",".local/ai-feasibility-spike/results/extraction/EX-LOCAL-PHP-001/smoke-20260715-191900/raw/TC-EXT-SMOKE-004-FX-TXT-001.json","Project team","EX-LOCAL-PHP-001 smoke run; local-only fixture processing; no external transmission."
"MR-EXT-SMOKE-004-07","TR-EXT-SMOKE-004","warning handling","warning_count","0","warnings","observed","No","","Warnings are retained in local raw evidence for review.",".local/ai-feasibility-spike/results/extraction/EX-LOCAL-PHP-001/smoke-20260715-191900/raw/TC-EXT-SMOKE-004-FX-TXT-001.json","Project team","EX-LOCAL-PHP-001 smoke run; local-only fixture processing; no external transmission."
"MR-EXT-SMOKE-005-01","TR-EXT-SMOKE-005","smoke expectation","expectation_pass","True","boolean","passed","Yes","Yes","Expected smoke behavior was observed.",".local/ai-feasibility-spike/results/extraction/EX-LOCAL-PHP-001/smoke-20260715-191900/raw/TC-EXT-SMOKE-005-FX-PDF-008.json","Project team","EX-LOCAL-PHP-001 smoke run; local-only fixture processing; no external transmission."
"MR-EXT-SMOKE-005-02","TR-EXT-SMOKE-005","extraction outcome","result_status","no_meaningful_text","status","observed","No","","Recorded for candidate comparison.",".local/ai-feasibility-spike/results/extraction/EX-LOCAL-PHP-001/smoke-20260715-191900/raw/TC-EXT-SMOKE-005-FX-PDF-008.json","Project team","EX-LOCAL-PHP-001 smoke run; local-only fixture processing; no external transmission."
"MR-EXT-SMOKE-005-03","TR-EXT-SMOKE-005","extraction output","text_char_count","0","characters","observed","No","","Interpret with fixture type and expected boundary behavior.",".local/ai-feasibility-spike/results/extraction/EX-LOCAL-PHP-001/smoke-20260715-191900/raw/TC-EXT-SMOKE-005-FX-PDF-008.json","Project team","EX-LOCAL-PHP-001 smoke run; local-only fixture processing; no external transmission."
"MR-EXT-SMOKE-005-04","TR-EXT-SMOKE-005","locator preservation","locator_count","0","locators","observed","No","","Smoke-level structural locator count only; detailed fidelity remains for full review.",".local/ai-feasibility-spike/results/extraction/EX-LOCAL-PHP-001/smoke-20260715-191900/raw/TC-EXT-SMOKE-005-FX-PDF-008.json","Project team","EX-LOCAL-PHP-001 smoke run; local-only fixture processing; no external transmission."
"MR-EXT-SMOKE-005-05","TR-EXT-SMOKE-005","performance","elapsed_ms","81.137","milliseconds","observed","No","","Single smoke observation; not a final performance conclusion.",".local/ai-feasibility-spike/results/extraction/EX-LOCAL-PHP-001/smoke-20260715-191900/raw/TC-EXT-SMOKE-005-FX-PDF-008.json","Project team","EX-LOCAL-PHP-001 smoke run; local-only fixture processing; no external transmission."
"MR-EXT-SMOKE-005-06","TR-EXT-SMOKE-005","resource use","memory_peak_delta_bytes","2097152","bytes","observed","No","","PHP-reported peak-memory delta for the isolated worker process.",".local/ai-feasibility-spike/results/extraction/EX-LOCAL-PHP-001/smoke-20260715-191900/raw/TC-EXT-SMOKE-005-FX-PDF-008.json","Project team","EX-LOCAL-PHP-001 smoke run; local-only fixture processing; no external transmission."
"MR-EXT-SMOKE-005-07","TR-EXT-SMOKE-005","warning handling","warning_count","1","warnings","observed","No","","Warnings are retained in local raw evidence for review.",".local/ai-feasibility-spike/results/extraction/EX-LOCAL-PHP-001/smoke-20260715-191900/raw/TC-EXT-SMOKE-005-FX-PDF-008.json","Project team","EX-LOCAL-PHP-001 smoke run; local-only fixture processing; no external transmission."
"MR-EXT-SMOKE-006-01","TR-EXT-SMOKE-006","smoke expectation","expectation_pass","True","boolean","passed","Yes","Yes","Expected smoke behavior was observed.",".local/ai-feasibility-spike/results/extraction/EX-LOCAL-PHP-001/smoke-20260715-191900/raw/TC-EXT-SMOKE-006-FX-TXT-007.json","Project team","EX-LOCAL-PHP-001 smoke run; local-only fixture processing; no external transmission."
"MR-EXT-SMOKE-006-02","TR-EXT-SMOKE-006","extraction outcome","result_status","rejected_empty_file","status","observed","No","","Recorded for candidate comparison.",".local/ai-feasibility-spike/results/extraction/EX-LOCAL-PHP-001/smoke-20260715-191900/raw/TC-EXT-SMOKE-006-FX-TXT-007.json","Project team","EX-LOCAL-PHP-001 smoke run; local-only fixture processing; no external transmission."
"MR-EXT-SMOKE-006-03","TR-EXT-SMOKE-006","extraction output","text_char_count","0","characters","observed","No","","Interpret with fixture type and expected boundary behavior.",".local/ai-feasibility-spike/results/extraction/EX-LOCAL-PHP-001/smoke-20260715-191900/raw/TC-EXT-SMOKE-006-FX-TXT-007.json","Project team","EX-LOCAL-PHP-001 smoke run; local-only fixture processing; no external transmission."
"MR-EXT-SMOKE-006-04","TR-EXT-SMOKE-006","locator preservation","locator_count","0","locators","observed","No","","Smoke-level structural locator count only; detailed fidelity remains for full review.",".local/ai-feasibility-spike/results/extraction/EX-LOCAL-PHP-001/smoke-20260715-191900/raw/TC-EXT-SMOKE-006-FX-TXT-007.json","Project team","EX-LOCAL-PHP-001 smoke run; local-only fixture processing; no external transmission."
"MR-EXT-SMOKE-006-05","TR-EXT-SMOKE-006","performance","elapsed_ms","0.871","milliseconds","observed","No","","Single smoke observation; not a final performance conclusion.",".local/ai-feasibility-spike/results/extraction/EX-LOCAL-PHP-001/smoke-20260715-191900/raw/TC-EXT-SMOKE-006-FX-TXT-007.json","Project team","EX-LOCAL-PHP-001 smoke run; local-only fixture processing; no external transmission."
"MR-EXT-SMOKE-006-06","TR-EXT-SMOKE-006","resource use","memory_peak_delta_bytes","0","bytes","observed","No","","PHP-reported peak-memory delta for the isolated worker process.",".local/ai-feasibility-spike/results/extraction/EX-LOCAL-PHP-001/smoke-20260715-191900/raw/TC-EXT-SMOKE-006-FX-TXT-007.json","Project team","EX-LOCAL-PHP-001 smoke run; local-only fixture processing; no external transmission."
"MR-EXT-SMOKE-006-07","TR-EXT-SMOKE-006","warning handling","warning_count","0","warnings","observed","No","","Warnings are retained in local raw evidence for review.",".local/ai-feasibility-spike/results/extraction/EX-LOCAL-PHP-001/smoke-20260715-191900/raw/TC-EXT-SMOKE-006-FX-TXT-007.json","Project team","EX-LOCAL-PHP-001 smoke run; local-only fixture processing; no external transmission."
"MR-EXT-SMOKE-007-01","TR-EXT-SMOKE-007","smoke expectation","expectation_pass","True","boolean","passed","Yes","Yes","Expected smoke behavior was observed.",".local/ai-feasibility-spike/results/extraction/EX-LOCAL-PHP-001/smoke-20260715-191900/raw/TC-EXT-SMOKE-007-FX-PDF-009.json","Project team","EX-LOCAL-PHP-001 smoke run; local-only fixture processing; no external transmission."
"MR-EXT-SMOKE-007-02","TR-EXT-SMOKE-007","extraction outcome","result_status","rejected_corrupt_or_unreadable","status","observed","No","","Recorded for candidate comparison.",".local/ai-feasibility-spike/results/extraction/EX-LOCAL-PHP-001/smoke-20260715-191900/raw/TC-EXT-SMOKE-007-FX-PDF-009.json","Project team","EX-LOCAL-PHP-001 smoke run; local-only fixture processing; no external transmission."
"MR-EXT-SMOKE-007-03","TR-EXT-SMOKE-007","extraction output","text_char_count","0","characters","observed","No","","Interpret with fixture type and expected boundary behavior.",".local/ai-feasibility-spike/results/extraction/EX-LOCAL-PHP-001/smoke-20260715-191900/raw/TC-EXT-SMOKE-007-FX-PDF-009.json","Project team","EX-LOCAL-PHP-001 smoke run; local-only fixture processing; no external transmission."
"MR-EXT-SMOKE-007-04","TR-EXT-SMOKE-007","locator preservation","locator_count","0","locators","observed","No","","Smoke-level structural locator count only; detailed fidelity remains for full review.",".local/ai-feasibility-spike/results/extraction/EX-LOCAL-PHP-001/smoke-20260715-191900/raw/TC-EXT-SMOKE-007-FX-PDF-009.json","Project team","EX-LOCAL-PHP-001 smoke run; local-only fixture processing; no external transmission."
"MR-EXT-SMOKE-007-05","TR-EXT-SMOKE-007","performance","elapsed_ms","18.191","milliseconds","observed","No","","Single smoke observation; not a final performance conclusion.",".local/ai-feasibility-spike/results/extraction/EX-LOCAL-PHP-001/smoke-20260715-191900/raw/TC-EXT-SMOKE-007-FX-PDF-009.json","Project team","EX-LOCAL-PHP-001 smoke run; local-only fixture processing; no external transmission."
"MR-EXT-SMOKE-007-06","TR-EXT-SMOKE-007","resource use","memory_peak_delta_bytes","0","bytes","observed","No","","PHP-reported peak-memory delta for the isolated worker process.",".local/ai-feasibility-spike/results/extraction/EX-LOCAL-PHP-001/smoke-20260715-191900/raw/TC-EXT-SMOKE-007-FX-PDF-009.json","Project team","EX-LOCAL-PHP-001 smoke run; local-only fixture processing; no external transmission."
"MR-EXT-SMOKE-007-07","TR-EXT-SMOKE-007","warning handling","warning_count","0","warnings","observed","No","","Warnings are retained in local raw evidence for review.",".local/ai-feasibility-spike/results/extraction/EX-LOCAL-PHP-001/smoke-20260715-191900/raw/TC-EXT-SMOKE-007-FX-PDF-009.json","Project team","EX-LOCAL-PHP-001 smoke run; local-only fixture processing; no external transmission."
"MR-EXT-SMOKE-008-01","TR-EXT-SMOKE-008","smoke expectation","expectation_pass","True","boolean","passed","Yes","Yes","Expected smoke behavior was observed.",".local/ai-feasibility-spike/results/extraction/EX-LOCAL-PHP-001/smoke-20260715-191900/raw/TC-EXT-SMOKE-008-FX-DOCX-007.json","Project team","EX-LOCAL-PHP-001 smoke run; local-only fixture processing; no external transmission."
"MR-EXT-SMOKE-008-02","TR-EXT-SMOKE-008","extraction outcome","result_status","rejected_corrupt_or_unreadable","status","observed","No","","Recorded for candidate comparison.",".local/ai-feasibility-spike/results/extraction/EX-LOCAL-PHP-001/smoke-20260715-191900/raw/TC-EXT-SMOKE-008-FX-DOCX-007.json","Project team","EX-LOCAL-PHP-001 smoke run; local-only fixture processing; no external transmission."
"MR-EXT-SMOKE-008-03","TR-EXT-SMOKE-008","extraction output","text_char_count","0","characters","observed","No","","Interpret with fixture type and expected boundary behavior.",".local/ai-feasibility-spike/results/extraction/EX-LOCAL-PHP-001/smoke-20260715-191900/raw/TC-EXT-SMOKE-008-FX-DOCX-007.json","Project team","EX-LOCAL-PHP-001 smoke run; local-only fixture processing; no external transmission."
"MR-EXT-SMOKE-008-04","TR-EXT-SMOKE-008","locator preservation","locator_count","0","locators","observed","No","","Smoke-level structural locator count only; detailed fidelity remains for full review.",".local/ai-feasibility-spike/results/extraction/EX-LOCAL-PHP-001/smoke-20260715-191900/raw/TC-EXT-SMOKE-008-FX-DOCX-007.json","Project team","EX-LOCAL-PHP-001 smoke run; local-only fixture processing; no external transmission."
"MR-EXT-SMOKE-008-05","TR-EXT-SMOKE-008","performance","elapsed_ms","12.22","milliseconds","observed","No","","Single smoke observation; not a final performance conclusion.",".local/ai-feasibility-spike/results/extraction/EX-LOCAL-PHP-001/smoke-20260715-191900/raw/TC-EXT-SMOKE-008-FX-DOCX-007.json","Project team","EX-LOCAL-PHP-001 smoke run; local-only fixture processing; no external transmission."
"MR-EXT-SMOKE-008-06","TR-EXT-SMOKE-008","resource use","memory_peak_delta_bytes","0","bytes","observed","No","","PHP-reported peak-memory delta for the isolated worker process.",".local/ai-feasibility-spike/results/extraction/EX-LOCAL-PHP-001/smoke-20260715-191900/raw/TC-EXT-SMOKE-008-FX-DOCX-007.json","Project team","EX-LOCAL-PHP-001 smoke run; local-only fixture processing; no external transmission."
"MR-EXT-SMOKE-008-07","TR-EXT-SMOKE-008","warning handling","warning_count","0","warnings","observed","No","","Warnings are retained in local raw evidence for review.",".local/ai-feasibility-spike/results/extraction/EX-LOCAL-PHP-001/smoke-20260715-191900/raw/TC-EXT-SMOKE-008-FX-DOCX-007.json","Project team","EX-LOCAL-PHP-001 smoke run; local-only fixture processing; no external transmission."
"MR-EXT-SMOKE-009-01","TR-EXT-SMOKE-009","smoke expectation","expectation_pass","True","boolean","passed","Yes","Yes","Expected smoke behavior was observed.",".local/ai-feasibility-spike/results/extraction/EX-LOCAL-PHP-001/smoke-20260715-191900/raw/TC-EXT-SMOKE-009-FX-PDF-010.json","Project team","EX-LOCAL-PHP-001 smoke run; local-only fixture processing; no external transmission."
"MR-EXT-SMOKE-009-02","TR-EXT-SMOKE-009","extraction outcome","result_status","bounded_failure_inaccessible","status","observed","No","","Recorded for candidate comparison.",".local/ai-feasibility-spike/results/extraction/EX-LOCAL-PHP-001/smoke-20260715-191900/raw/TC-EXT-SMOKE-009-FX-PDF-010.json","Project team","EX-LOCAL-PHP-001 smoke run; local-only fixture processing; no external transmission."
"MR-EXT-SMOKE-009-03","TR-EXT-SMOKE-009","extraction output","text_char_count","0","characters","observed","No","","Interpret with fixture type and expected boundary behavior.",".local/ai-feasibility-spike/results/extraction/EX-LOCAL-PHP-001/smoke-20260715-191900/raw/TC-EXT-SMOKE-009-FX-PDF-010.json","Project team","EX-LOCAL-PHP-001 smoke run; local-only fixture processing; no external transmission."
"MR-EXT-SMOKE-009-04","TR-EXT-SMOKE-009","locator preservation","locator_count","0","locators","observed","No","","Smoke-level structural locator count only; detailed fidelity remains for full review.",".local/ai-feasibility-spike/results/extraction/EX-LOCAL-PHP-001/smoke-20260715-191900/raw/TC-EXT-SMOKE-009-FX-PDF-010.json","Project team","EX-LOCAL-PHP-001 smoke run; local-only fixture processing; no external transmission."
"MR-EXT-SMOKE-009-05","TR-EXT-SMOKE-009","performance","elapsed_ms","25.731","milliseconds","observed","No","","Single smoke observation; not a final performance conclusion.",".local/ai-feasibility-spike/results/extraction/EX-LOCAL-PHP-001/smoke-20260715-191900/raw/TC-EXT-SMOKE-009-FX-PDF-010.json","Project team","EX-LOCAL-PHP-001 smoke run; local-only fixture processing; no external transmission."
"MR-EXT-SMOKE-009-06","TR-EXT-SMOKE-009","resource use","memory_peak_delta_bytes","0","bytes","observed","No","","PHP-reported peak-memory delta for the isolated worker process.",".local/ai-feasibility-spike/results/extraction/EX-LOCAL-PHP-001/smoke-20260715-191900/raw/TC-EXT-SMOKE-009-FX-PDF-010.json","Project team","EX-LOCAL-PHP-001 smoke run; local-only fixture processing; no external transmission."
"MR-EXT-SMOKE-009-07","TR-EXT-SMOKE-009","warning handling","warning_count","1","warnings","observed","No","","Warnings are retained in local raw evidence for review.",".local/ai-feasibility-spike/results/extraction/EX-LOCAL-PHP-001/smoke-20260715-191900/raw/TC-EXT-SMOKE-009-FX-PDF-010.json","Project team","EX-LOCAL-PHP-001 smoke run; local-only fixture processing; no external transmission."
"MR-EXT-FULL-001-01","TR-EXT-FULL-001","full-corpus expectation","expectation_pass","True","boolean","passed","Yes","Yes","Readable-fixture extraction expectation was met.",".local/ai-feasibility-spike/results/extraction/EX-LOCAL-PHP-001/full-20260715-215350/raw/TC-EXT-FULL-001-FX-PDF-001.json","Project team","EX-LOCAL-PHP-001 full readable-corpus extraction; local-only processing; no external transmission."
"MR-EXT-FULL-001-02","TR-EXT-FULL-001","extraction outcome","result_status","success","status","observed","No","","Recorded for candidate comparison.",".local/ai-feasibility-spike/results/extraction/EX-LOCAL-PHP-001/full-20260715-215350/raw/TC-EXT-FULL-001-FX-PDF-001.json","Project team","EX-LOCAL-PHP-001 full readable-corpus extraction; local-only processing; no external transmission."
"MR-EXT-FULL-001-03","TR-EXT-FULL-001","extraction output","text_char_count","3657","characters","observed","No","","Successful extraction produced readable text; qualitative fidelity still requires review.",".local/ai-feasibility-spike/results/extraction/EX-LOCAL-PHP-001/full-20260715-215350/raw/TC-EXT-FULL-001-FX-PDF-001.json","Project team","EX-LOCAL-PHP-001 full readable-corpus extraction; local-only processing; no external transmission."
"MR-EXT-FULL-001-04","TR-EXT-FULL-001","locator preservation","locator_count","2","locators","observed","No","","Structural locator count recorded; exact locator fidelity remains subject to manual review.",".local/ai-feasibility-spike/results/extraction/EX-LOCAL-PHP-001/full-20260715-215350/raw/TC-EXT-FULL-001-FX-PDF-001.json","Project team","EX-LOCAL-PHP-001 full readable-corpus extraction; local-only processing; no external transmission."
"MR-EXT-FULL-001-05","TR-EXT-FULL-001","performance","elapsed_ms","985.949","milliseconds","observed","No","","Single-run local observation; first PDF includes startup/cache overhead and should not be treated as a stable average.",".local/ai-feasibility-spike/results/extraction/EX-LOCAL-PHP-001/full-20260715-215350/raw/TC-EXT-FULL-001-FX-PDF-001.json","Project team","EX-LOCAL-PHP-001 full readable-corpus extraction; local-only processing; no external transmission."
"MR-EXT-FULL-001-06","TR-EXT-FULL-001","resource use","memory_peak_delta_bytes","0","bytes","observed","No","","PHP-reported isolated-worker peak-memory delta.",".local/ai-feasibility-spike/results/extraction/EX-LOCAL-PHP-001/full-20260715-215350/raw/TC-EXT-FULL-001-FX-PDF-001.json","Project team","EX-LOCAL-PHP-001 full readable-corpus extraction; local-only processing; no external transmission."
"MR-EXT-FULL-001-07","TR-EXT-FULL-001","warning handling","warning_count","0","warnings","observed","No","","No warnings were recorded in the full readable-corpus run.",".local/ai-feasibility-spike/results/extraction/EX-LOCAL-PHP-001/full-20260715-215350/raw/TC-EXT-FULL-001-FX-PDF-001.json","Project team","EX-LOCAL-PHP-001 full readable-corpus extraction; local-only processing; no external transmission."
"MR-EXT-FULL-002-01","TR-EXT-FULL-002","full-corpus expectation","expectation_pass","True","boolean","passed","Yes","Yes","Readable-fixture extraction expectation was met.",".local/ai-feasibility-spike/results/extraction/EX-LOCAL-PHP-001/full-20260715-215350/raw/TC-EXT-FULL-002-FX-PDF-002.json","Project team","EX-LOCAL-PHP-001 full readable-corpus extraction; local-only processing; no external transmission."
"MR-EXT-FULL-002-02","TR-EXT-FULL-002","extraction outcome","result_status","success","status","observed","No","","Recorded for candidate comparison.",".local/ai-feasibility-spike/results/extraction/EX-LOCAL-PHP-001/full-20260715-215350/raw/TC-EXT-FULL-002-FX-PDF-002.json","Project team","EX-LOCAL-PHP-001 full readable-corpus extraction; local-only processing; no external transmission."
"MR-EXT-FULL-002-03","TR-EXT-FULL-002","extraction output","text_char_count","3675","characters","observed","No","","Successful extraction produced readable text; qualitative fidelity still requires review.",".local/ai-feasibility-spike/results/extraction/EX-LOCAL-PHP-001/full-20260715-215350/raw/TC-EXT-FULL-002-FX-PDF-002.json","Project team","EX-LOCAL-PHP-001 full readable-corpus extraction; local-only processing; no external transmission."
"MR-EXT-FULL-002-04","TR-EXT-FULL-002","locator preservation","locator_count","3","locators","observed","No","","Structural locator count recorded; exact locator fidelity remains subject to manual review.",".local/ai-feasibility-spike/results/extraction/EX-LOCAL-PHP-001/full-20260715-215350/raw/TC-EXT-FULL-002-FX-PDF-002.json","Project team","EX-LOCAL-PHP-001 full readable-corpus extraction; local-only processing; no external transmission."
"MR-EXT-FULL-002-05","TR-EXT-FULL-002","performance","elapsed_ms","42.757","milliseconds","observed","No","","Single-run local observation; first PDF includes startup/cache overhead and should not be treated as a stable average.",".local/ai-feasibility-spike/results/extraction/EX-LOCAL-PHP-001/full-20260715-215350/raw/TC-EXT-FULL-002-FX-PDF-002.json","Project team","EX-LOCAL-PHP-001 full readable-corpus extraction; local-only processing; no external transmission."
"MR-EXT-FULL-002-06","TR-EXT-FULL-002","resource use","memory_peak_delta_bytes","0","bytes","observed","No","","PHP-reported isolated-worker peak-memory delta.",".local/ai-feasibility-spike/results/extraction/EX-LOCAL-PHP-001/full-20260715-215350/raw/TC-EXT-FULL-002-FX-PDF-002.json","Project team","EX-LOCAL-PHP-001 full readable-corpus extraction; local-only processing; no external transmission."
"MR-EXT-FULL-002-07","TR-EXT-FULL-002","warning handling","warning_count","0","warnings","observed","No","","No warnings were recorded in the full readable-corpus run.",".local/ai-feasibility-spike/results/extraction/EX-LOCAL-PHP-001/full-20260715-215350/raw/TC-EXT-FULL-002-FX-PDF-002.json","Project team","EX-LOCAL-PHP-001 full readable-corpus extraction; local-only processing; no external transmission."
"MR-EXT-FULL-003-01","TR-EXT-FULL-003","full-corpus expectation","expectation_pass","True","boolean","passed","Yes","Yes","Readable-fixture extraction expectation was met.",".local/ai-feasibility-spike/results/extraction/EX-LOCAL-PHP-001/full-20260715-215350/raw/TC-EXT-FULL-003-FX-PDF-003.json","Project team","EX-LOCAL-PHP-001 full readable-corpus extraction; local-only processing; no external transmission."
"MR-EXT-FULL-003-02","TR-EXT-FULL-003","extraction outcome","result_status","success","status","observed","No","","Recorded for candidate comparison.",".local/ai-feasibility-spike/results/extraction/EX-LOCAL-PHP-001/full-20260715-215350/raw/TC-EXT-FULL-003-FX-PDF-003.json","Project team","EX-LOCAL-PHP-001 full readable-corpus extraction; local-only processing; no external transmission."
"MR-EXT-FULL-003-03","TR-EXT-FULL-003","extraction output","text_char_count","4128","characters","observed","No","","Successful extraction produced readable text; qualitative fidelity still requires review.",".local/ai-feasibility-spike/results/extraction/EX-LOCAL-PHP-001/full-20260715-215350/raw/TC-EXT-FULL-003-FX-PDF-003.json","Project team","EX-LOCAL-PHP-001 full readable-corpus extraction; local-only processing; no external transmission."
"MR-EXT-FULL-003-04","TR-EXT-FULL-003","locator preservation","locator_count","2","locators","observed","No","","Structural locator count recorded; exact locator fidelity remains subject to manual review.",".local/ai-feasibility-spike/results/extraction/EX-LOCAL-PHP-001/full-20260715-215350/raw/TC-EXT-FULL-003-FX-PDF-003.json","Project team","EX-LOCAL-PHP-001 full readable-corpus extraction; local-only processing; no external transmission."
"MR-EXT-FULL-003-05","TR-EXT-FULL-003","performance","elapsed_ms","48.422","milliseconds","observed","No","","Single-run local observation; first PDF includes startup/cache overhead and should not be treated as a stable average.",".local/ai-feasibility-spike/results/extraction/EX-LOCAL-PHP-001/full-20260715-215350/raw/TC-EXT-FULL-003-FX-PDF-003.json","Project team","EX-LOCAL-PHP-001 full readable-corpus extraction; local-only processing; no external transmission."
"MR-EXT-FULL-003-06","TR-EXT-FULL-003","resource use","memory_peak_delta_bytes","0","bytes","observed","No","","PHP-reported isolated-worker peak-memory delta.",".local/ai-feasibility-spike/results/extraction/EX-LOCAL-PHP-001/full-20260715-215350/raw/TC-EXT-FULL-003-FX-PDF-003.json","Project team","EX-LOCAL-PHP-001 full readable-corpus extraction; local-only processing; no external transmission."
"MR-EXT-FULL-003-07","TR-EXT-FULL-003","warning handling","warning_count","0","warnings","observed","No","","No warnings were recorded in the full readable-corpus run.",".local/ai-feasibility-spike/results/extraction/EX-LOCAL-PHP-001/full-20260715-215350/raw/TC-EXT-FULL-003-FX-PDF-003.json","Project team","EX-LOCAL-PHP-001 full readable-corpus extraction; local-only processing; no external transmission."
"MR-EXT-FULL-004-01","TR-EXT-FULL-004","full-corpus expectation","expectation_pass","True","boolean","passed","Yes","Yes","Readable-fixture extraction expectation was met.",".local/ai-feasibility-spike/results/extraction/EX-LOCAL-PHP-001/full-20260715-215350/raw/TC-EXT-FULL-004-FX-PDF-004.json","Project team","EX-LOCAL-PHP-001 full readable-corpus extraction; local-only processing; no external transmission."
"MR-EXT-FULL-004-02","TR-EXT-FULL-004","extraction outcome","result_status","success","status","observed","No","","Recorded for candidate comparison.",".local/ai-feasibility-spike/results/extraction/EX-LOCAL-PHP-001/full-20260715-215350/raw/TC-EXT-FULL-004-FX-PDF-004.json","Project team","EX-LOCAL-PHP-001 full readable-corpus extraction; local-only processing; no external transmission."
"MR-EXT-FULL-004-03","TR-EXT-FULL-004","extraction output","text_char_count","4748","characters","observed","No","","Successful extraction produced readable text; qualitative fidelity still requires review.",".local/ai-feasibility-spike/results/extraction/EX-LOCAL-PHP-001/full-20260715-215350/raw/TC-EXT-FULL-004-FX-PDF-004.json","Project team","EX-LOCAL-PHP-001 full readable-corpus extraction; local-only processing; no external transmission."
"MR-EXT-FULL-004-04","TR-EXT-FULL-004","locator preservation","locator_count","3","locators","observed","No","","Structural locator count recorded; exact locator fidelity remains subject to manual review.",".local/ai-feasibility-spike/results/extraction/EX-LOCAL-PHP-001/full-20260715-215350/raw/TC-EXT-FULL-004-FX-PDF-004.json","Project team","EX-LOCAL-PHP-001 full readable-corpus extraction; local-only processing; no external transmission."
"MR-EXT-FULL-004-05","TR-EXT-FULL-004","performance","elapsed_ms","44.941","milliseconds","observed","No","","Single-run local observation; first PDF includes startup/cache overhead and should not be treated as a stable average.",".local/ai-feasibility-spike/results/extraction/EX-LOCAL-PHP-001/full-20260715-215350/raw/TC-EXT-FULL-004-FX-PDF-004.json","Project team","EX-LOCAL-PHP-001 full readable-corpus extraction; local-only processing; no external transmission."
"MR-EXT-FULL-004-06","TR-EXT-FULL-004","resource use","memory_peak_delta_bytes","0","bytes","observed","No","","PHP-reported isolated-worker peak-memory delta.",".local/ai-feasibility-spike/results/extraction/EX-LOCAL-PHP-001/full-20260715-215350/raw/TC-EXT-FULL-004-FX-PDF-004.json","Project team","EX-LOCAL-PHP-001 full readable-corpus extraction; local-only processing; no external transmission."
"MR-EXT-FULL-004-07","TR-EXT-FULL-004","warning handling","warning_count","0","warnings","observed","No","","No warnings were recorded in the full readable-corpus run.",".local/ai-feasibility-spike/results/extraction/EX-LOCAL-PHP-001/full-20260715-215350/raw/TC-EXT-FULL-004-FX-PDF-004.json","Project team","EX-LOCAL-PHP-001 full readable-corpus extraction; local-only processing; no external transmission."
"MR-EXT-FULL-005-01","TR-EXT-FULL-005","full-corpus expectation","expectation_pass","True","boolean","passed","Yes","Yes","Readable-fixture extraction expectation was met.",".local/ai-feasibility-spike/results/extraction/EX-LOCAL-PHP-001/full-20260715-215350/raw/TC-EXT-FULL-005-FX-PDF-005.json","Project team","EX-LOCAL-PHP-001 full readable-corpus extraction; local-only processing; no external transmission."
"MR-EXT-FULL-005-02","TR-EXT-FULL-005","extraction outcome","result_status","success","status","observed","No","","Recorded for candidate comparison.",".local/ai-feasibility-spike/results/extraction/EX-LOCAL-PHP-001/full-20260715-215350/raw/TC-EXT-FULL-005-FX-PDF-005.json","Project team","EX-LOCAL-PHP-001 full readable-corpus extraction; local-only processing; no external transmission."
"MR-EXT-FULL-005-03","TR-EXT-FULL-005","extraction output","text_char_count","2739","characters","observed","No","","Successful extraction produced readable text; qualitative fidelity still requires review.",".local/ai-feasibility-spike/results/extraction/EX-LOCAL-PHP-001/full-20260715-215350/raw/TC-EXT-FULL-005-FX-PDF-005.json","Project team","EX-LOCAL-PHP-001 full readable-corpus extraction; local-only processing; no external transmission."
"MR-EXT-FULL-005-04","TR-EXT-FULL-005","locator preservation","locator_count","1","locators","observed","No","","Structural locator count recorded; exact locator fidelity remains subject to manual review.",".local/ai-feasibility-spike/results/extraction/EX-LOCAL-PHP-001/full-20260715-215350/raw/TC-EXT-FULL-005-FX-PDF-005.json","Project team","EX-LOCAL-PHP-001 full readable-corpus extraction; local-only processing; no external transmission."
"MR-EXT-FULL-005-05","TR-EXT-FULL-005","performance","elapsed_ms","43.956","milliseconds","observed","No","","Single-run local observation; first PDF includes startup/cache overhead and should not be treated as a stable average.",".local/ai-feasibility-spike/results/extraction/EX-LOCAL-PHP-001/full-20260715-215350/raw/TC-EXT-FULL-005-FX-PDF-005.json","Project team","EX-LOCAL-PHP-001 full readable-corpus extraction; local-only processing; no external transmission."
"MR-EXT-FULL-005-06","TR-EXT-FULL-005","resource use","memory_peak_delta_bytes","0","bytes","observed","No","","PHP-reported isolated-worker peak-memory delta.",".local/ai-feasibility-spike/results/extraction/EX-LOCAL-PHP-001/full-20260715-215350/raw/TC-EXT-FULL-005-FX-PDF-005.json","Project team","EX-LOCAL-PHP-001 full readable-corpus extraction; local-only processing; no external transmission."
"MR-EXT-FULL-005-07","TR-EXT-FULL-005","warning handling","warning_count","0","warnings","observed","No","","No warnings were recorded in the full readable-corpus run.",".local/ai-feasibility-spike/results/extraction/EX-LOCAL-PHP-001/full-20260715-215350/raw/TC-EXT-FULL-005-FX-PDF-005.json","Project team","EX-LOCAL-PHP-001 full readable-corpus extraction; local-only processing; no external transmission."
"MR-EXT-FULL-006-01","TR-EXT-FULL-006","full-corpus expectation","expectation_pass","True","boolean","passed","Yes","Yes","Readable-fixture extraction expectation was met.",".local/ai-feasibility-spike/results/extraction/EX-LOCAL-PHP-001/full-20260715-215350/raw/TC-EXT-FULL-006-FX-PDF-006.json","Project team","EX-LOCAL-PHP-001 full readable-corpus extraction; local-only processing; no external transmission."
"MR-EXT-FULL-006-02","TR-EXT-FULL-006","extraction outcome","result_status","success","status","observed","No","","Recorded for candidate comparison.",".local/ai-feasibility-spike/results/extraction/EX-LOCAL-PHP-001/full-20260715-215350/raw/TC-EXT-FULL-006-FX-PDF-006.json","Project team","EX-LOCAL-PHP-001 full readable-corpus extraction; local-only processing; no external transmission."
"MR-EXT-FULL-006-03","TR-EXT-FULL-006","extraction output","text_char_count","2191","characters","observed","No","","Successful extraction produced readable text; qualitative fidelity still requires review.",".local/ai-feasibility-spike/results/extraction/EX-LOCAL-PHP-001/full-20260715-215350/raw/TC-EXT-FULL-006-FX-PDF-006.json","Project team","EX-LOCAL-PHP-001 full readable-corpus extraction; local-only processing; no external transmission."
"MR-EXT-FULL-006-04","TR-EXT-FULL-006","locator preservation","locator_count","1","locators","observed","No","","Structural locator count recorded; exact locator fidelity remains subject to manual review.",".local/ai-feasibility-spike/results/extraction/EX-LOCAL-PHP-001/full-20260715-215350/raw/TC-EXT-FULL-006-FX-PDF-006.json","Project team","EX-LOCAL-PHP-001 full readable-corpus extraction; local-only processing; no external transmission."
"MR-EXT-FULL-006-05","TR-EXT-FULL-006","performance","elapsed_ms","45.316","milliseconds","observed","No","","Single-run local observation; first PDF includes startup/cache overhead and should not be treated as a stable average.",".local/ai-feasibility-spike/results/extraction/EX-LOCAL-PHP-001/full-20260715-215350/raw/TC-EXT-FULL-006-FX-PDF-006.json","Project team","EX-LOCAL-PHP-001 full readable-corpus extraction; local-only processing; no external transmission."
"MR-EXT-FULL-006-06","TR-EXT-FULL-006","resource use","memory_peak_delta_bytes","0","bytes","observed","No","","PHP-reported isolated-worker peak-memory delta.",".local/ai-feasibility-spike/results/extraction/EX-LOCAL-PHP-001/full-20260715-215350/raw/TC-EXT-FULL-006-FX-PDF-006.json","Project team","EX-LOCAL-PHP-001 full readable-corpus extraction; local-only processing; no external transmission."
"MR-EXT-FULL-006-07","TR-EXT-FULL-006","warning handling","warning_count","0","warnings","observed","No","","No warnings were recorded in the full readable-corpus run.",".local/ai-feasibility-spike/results/extraction/EX-LOCAL-PHP-001/full-20260715-215350/raw/TC-EXT-FULL-006-FX-PDF-006.json","Project team","EX-LOCAL-PHP-001 full readable-corpus extraction; local-only processing; no external transmission."
"MR-EXT-FULL-007-01","TR-EXT-FULL-007","full-corpus expectation","expectation_pass","True","boolean","passed","Yes","Yes","Readable-fixture extraction expectation was met.",".local/ai-feasibility-spike/results/extraction/EX-LOCAL-PHP-001/full-20260715-215350/raw/TC-EXT-FULL-007-FX-PDF-007.json","Project team","EX-LOCAL-PHP-001 full readable-corpus extraction; local-only processing; no external transmission."
"MR-EXT-FULL-007-02","TR-EXT-FULL-007","extraction outcome","result_status","success","status","observed","No","","Recorded for candidate comparison.",".local/ai-feasibility-spike/results/extraction/EX-LOCAL-PHP-001/full-20260715-215350/raw/TC-EXT-FULL-007-FX-PDF-007.json","Project team","EX-LOCAL-PHP-001 full readable-corpus extraction; local-only processing; no external transmission."
"MR-EXT-FULL-007-03","TR-EXT-FULL-007","extraction output","text_char_count","3784","characters","observed","No","","Successful extraction produced readable text; qualitative fidelity still requires review.",".local/ai-feasibility-spike/results/extraction/EX-LOCAL-PHP-001/full-20260715-215350/raw/TC-EXT-FULL-007-FX-PDF-007.json","Project team","EX-LOCAL-PHP-001 full readable-corpus extraction; local-only processing; no external transmission."
"MR-EXT-FULL-007-04","TR-EXT-FULL-007","locator preservation","locator_count","2","locators","observed","No","","Structural locator count recorded; exact locator fidelity remains subject to manual review.",".local/ai-feasibility-spike/results/extraction/EX-LOCAL-PHP-001/full-20260715-215350/raw/TC-EXT-FULL-007-FX-PDF-007.json","Project team","EX-LOCAL-PHP-001 full readable-corpus extraction; local-only processing; no external transmission."
"MR-EXT-FULL-007-05","TR-EXT-FULL-007","performance","elapsed_ms","46.402","milliseconds","observed","No","","Single-run local observation; first PDF includes startup/cache overhead and should not be treated as a stable average.",".local/ai-feasibility-spike/results/extraction/EX-LOCAL-PHP-001/full-20260715-215350/raw/TC-EXT-FULL-007-FX-PDF-007.json","Project team","EX-LOCAL-PHP-001 full readable-corpus extraction; local-only processing; no external transmission."
"MR-EXT-FULL-007-06","TR-EXT-FULL-007","resource use","memory_peak_delta_bytes","0","bytes","observed","No","","PHP-reported isolated-worker peak-memory delta.",".local/ai-feasibility-spike/results/extraction/EX-LOCAL-PHP-001/full-20260715-215350/raw/TC-EXT-FULL-007-FX-PDF-007.json","Project team","EX-LOCAL-PHP-001 full readable-corpus extraction; local-only processing; no external transmission."
"MR-EXT-FULL-007-07","TR-EXT-FULL-007","warning handling","warning_count","0","warnings","observed","No","","No warnings were recorded in the full readable-corpus run.",".local/ai-feasibility-spike/results/extraction/EX-LOCAL-PHP-001/full-20260715-215350/raw/TC-EXT-FULL-007-FX-PDF-007.json","Project team","EX-LOCAL-PHP-001 full readable-corpus extraction; local-only processing; no external transmission."
"MR-EXT-FULL-008-01","TR-EXT-FULL-008","full-corpus expectation","expectation_pass","True","boolean","passed","Yes","Yes","Readable-fixture extraction expectation was met.",".local/ai-feasibility-spike/results/extraction/EX-LOCAL-PHP-001/full-20260715-215350/raw/TC-EXT-FULL-008-FX-DOCX-001.json","Project team","EX-LOCAL-PHP-001 full readable-corpus extraction; local-only processing; no external transmission."
"MR-EXT-FULL-008-02","TR-EXT-FULL-008","extraction outcome","result_status","success","status","observed","No","","Recorded for candidate comparison.",".local/ai-feasibility-spike/results/extraction/EX-LOCAL-PHP-001/full-20260715-215350/raw/TC-EXT-FULL-008-FX-DOCX-001.json","Project team","EX-LOCAL-PHP-001 full readable-corpus extraction; local-only processing; no external transmission."
"MR-EXT-FULL-008-03","TR-EXT-FULL-008","extraction output","text_char_count","2297","characters","observed","No","","Successful extraction produced readable text; qualitative fidelity still requires review.",".local/ai-feasibility-spike/results/extraction/EX-LOCAL-PHP-001/full-20260715-215350/raw/TC-EXT-FULL-008-FX-DOCX-001.json","Project team","EX-LOCAL-PHP-001 full readable-corpus extraction; local-only processing; no external transmission."
"MR-EXT-FULL-008-04","TR-EXT-FULL-008","locator preservation","locator_count","21","locators","observed","No","","Structural locator count recorded; exact locator fidelity remains subject to manual review.",".local/ai-feasibility-spike/results/extraction/EX-LOCAL-PHP-001/full-20260715-215350/raw/TC-EXT-FULL-008-FX-DOCX-001.json","Project team","EX-LOCAL-PHP-001 full readable-corpus extraction; local-only processing; no external transmission."
"MR-EXT-FULL-008-05","TR-EXT-FULL-008","performance","elapsed_ms","50.418","milliseconds","observed","No","","Single-run local observation; first PDF includes startup/cache overhead and should not be treated as a stable average.",".local/ai-feasibility-spike/results/extraction/EX-LOCAL-PHP-001/full-20260715-215350/raw/TC-EXT-FULL-008-FX-DOCX-001.json","Project team","EX-LOCAL-PHP-001 full readable-corpus extraction; local-only processing; no external transmission."
"MR-EXT-FULL-008-06","TR-EXT-FULL-008","resource use","memory_peak_delta_bytes","0","bytes","observed","No","","PHP-reported isolated-worker peak-memory delta.",".local/ai-feasibility-spike/results/extraction/EX-LOCAL-PHP-001/full-20260715-215350/raw/TC-EXT-FULL-008-FX-DOCX-001.json","Project team","EX-LOCAL-PHP-001 full readable-corpus extraction; local-only processing; no external transmission."
"MR-EXT-FULL-008-07","TR-EXT-FULL-008","warning handling","warning_count","0","warnings","observed","No","","No warnings were recorded in the full readable-corpus run.",".local/ai-feasibility-spike/results/extraction/EX-LOCAL-PHP-001/full-20260715-215350/raw/TC-EXT-FULL-008-FX-DOCX-001.json","Project team","EX-LOCAL-PHP-001 full readable-corpus extraction; local-only processing; no external transmission."
"MR-EXT-FULL-009-01","TR-EXT-FULL-009","full-corpus expectation","expectation_pass","True","boolean","passed","Yes","Yes","Readable-fixture extraction expectation was met.",".local/ai-feasibility-spike/results/extraction/EX-LOCAL-PHP-001/full-20260715-215350/raw/TC-EXT-FULL-009-FX-DOCX-002.json","Project team","EX-LOCAL-PHP-001 full readable-corpus extraction; local-only processing; no external transmission."
"MR-EXT-FULL-009-02","TR-EXT-FULL-009","extraction outcome","result_status","success","status","observed","No","","Recorded for candidate comparison.",".local/ai-feasibility-spike/results/extraction/EX-LOCAL-PHP-001/full-20260715-215350/raw/TC-EXT-FULL-009-FX-DOCX-002.json","Project team","EX-LOCAL-PHP-001 full readable-corpus extraction; local-only processing; no external transmission."
"MR-EXT-FULL-009-03","TR-EXT-FULL-009","extraction output","text_char_count","2843","characters","observed","No","","Successful extraction produced readable text; qualitative fidelity still requires review.",".local/ai-feasibility-spike/results/extraction/EX-LOCAL-PHP-001/full-20260715-215350/raw/TC-EXT-FULL-009-FX-DOCX-002.json","Project team","EX-LOCAL-PHP-001 full readable-corpus extraction; local-only processing; no external transmission."
"MR-EXT-FULL-009-04","TR-EXT-FULL-009","locator preservation","locator_count","19","locators","observed","No","","Structural locator count recorded; exact locator fidelity remains subject to manual review.",".local/ai-feasibility-spike/results/extraction/EX-LOCAL-PHP-001/full-20260715-215350/raw/TC-EXT-FULL-009-FX-DOCX-002.json","Project team","EX-LOCAL-PHP-001 full readable-corpus extraction; local-only processing; no external transmission."
"MR-EXT-FULL-009-05","TR-EXT-FULL-009","performance","elapsed_ms","17.075","milliseconds","observed","No","","Single-run local observation; first PDF includes startup/cache overhead and should not be treated as a stable average.",".local/ai-feasibility-spike/results/extraction/EX-LOCAL-PHP-001/full-20260715-215350/raw/TC-EXT-FULL-009-FX-DOCX-002.json","Project team","EX-LOCAL-PHP-001 full readable-corpus extraction; local-only processing; no external transmission."
"MR-EXT-FULL-009-06","TR-EXT-FULL-009","resource use","memory_peak_delta_bytes","0","bytes","observed","No","","PHP-reported isolated-worker peak-memory delta.",".local/ai-feasibility-spike/results/extraction/EX-LOCAL-PHP-001/full-20260715-215350/raw/TC-EXT-FULL-009-FX-DOCX-002.json","Project team","EX-LOCAL-PHP-001 full readable-corpus extraction; local-only processing; no external transmission."
"MR-EXT-FULL-009-07","TR-EXT-FULL-009","warning handling","warning_count","0","warnings","observed","No","","No warnings were recorded in the full readable-corpus run.",".local/ai-feasibility-spike/results/extraction/EX-LOCAL-PHP-001/full-20260715-215350/raw/TC-EXT-FULL-009-FX-DOCX-002.json","Project team","EX-LOCAL-PHP-001 full readable-corpus extraction; local-only processing; no external transmission."
"MR-EXT-FULL-010-01","TR-EXT-FULL-010","full-corpus expectation","expectation_pass","True","boolean","passed","Yes","Yes","Readable-fixture extraction expectation was met.",".local/ai-feasibility-spike/results/extraction/EX-LOCAL-PHP-001/full-20260715-215350/raw/TC-EXT-FULL-010-FX-DOCX-003.json","Project team","EX-LOCAL-PHP-001 full readable-corpus extraction; local-only processing; no external transmission."
"MR-EXT-FULL-010-02","TR-EXT-FULL-010","extraction outcome","result_status","success","status","observed","No","","Recorded for candidate comparison.",".local/ai-feasibility-spike/results/extraction/EX-LOCAL-PHP-001/full-20260715-215350/raw/TC-EXT-FULL-010-FX-DOCX-003.json","Project team","EX-LOCAL-PHP-001 full readable-corpus extraction; local-only processing; no external transmission."
"MR-EXT-FULL-010-03","TR-EXT-FULL-010","extraction output","text_char_count","2675","characters","observed","No","","Successful extraction produced readable text; qualitative fidelity still requires review.",".local/ai-feasibility-spike/results/extraction/EX-LOCAL-PHP-001/full-20260715-215350/raw/TC-EXT-FULL-010-FX-DOCX-003.json","Project team","EX-LOCAL-PHP-001 full readable-corpus extraction; local-only processing; no external transmission."
"MR-EXT-FULL-010-04","TR-EXT-FULL-010","locator preservation","locator_count","21","locators","observed","No","","Structural locator count recorded; exact locator fidelity remains subject to manual review.",".local/ai-feasibility-spike/results/extraction/EX-LOCAL-PHP-001/full-20260715-215350/raw/TC-EXT-FULL-010-FX-DOCX-003.json","Project team","EX-LOCAL-PHP-001 full readable-corpus extraction; local-only processing; no external transmission."
"MR-EXT-FULL-010-05","TR-EXT-FULL-010","performance","elapsed_ms","21.501","milliseconds","observed","No","","Single-run local observation; first PDF includes startup/cache overhead and should not be treated as a stable average.",".local/ai-feasibility-spike/results/extraction/EX-LOCAL-PHP-001/full-20260715-215350/raw/TC-EXT-FULL-010-FX-DOCX-003.json","Project team","EX-LOCAL-PHP-001 full readable-corpus extraction; local-only processing; no external transmission."
"MR-EXT-FULL-010-06","TR-EXT-FULL-010","resource use","memory_peak_delta_bytes","0","bytes","observed","No","","PHP-reported isolated-worker peak-memory delta.",".local/ai-feasibility-spike/results/extraction/EX-LOCAL-PHP-001/full-20260715-215350/raw/TC-EXT-FULL-010-FX-DOCX-003.json","Project team","EX-LOCAL-PHP-001 full readable-corpus extraction; local-only processing; no external transmission."
"MR-EXT-FULL-010-07","TR-EXT-FULL-010","warning handling","warning_count","0","warnings","observed","No","","No warnings were recorded in the full readable-corpus run.",".local/ai-feasibility-spike/results/extraction/EX-LOCAL-PHP-001/full-20260715-215350/raw/TC-EXT-FULL-010-FX-DOCX-003.json","Project team","EX-LOCAL-PHP-001 full readable-corpus extraction; local-only processing; no external transmission."
"MR-EXT-FULL-011-01","TR-EXT-FULL-011","full-corpus expectation","expectation_pass","True","boolean","passed","Yes","Yes","Readable-fixture extraction expectation was met.",".local/ai-feasibility-spike/results/extraction/EX-LOCAL-PHP-001/full-20260715-215350/raw/TC-EXT-FULL-011-FX-DOCX-004.json","Project team","EX-LOCAL-PHP-001 full readable-corpus extraction; local-only processing; no external transmission."
"MR-EXT-FULL-011-02","TR-EXT-FULL-011","extraction outcome","result_status","success","status","observed","No","","Recorded for candidate comparison.",".local/ai-feasibility-spike/results/extraction/EX-LOCAL-PHP-001/full-20260715-215350/raw/TC-EXT-FULL-011-FX-DOCX-004.json","Project team","EX-LOCAL-PHP-001 full readable-corpus extraction; local-only processing; no external transmission."
"MR-EXT-FULL-011-03","TR-EXT-FULL-011","extraction output","text_char_count","1869","characters","observed","No","","Successful extraction produced readable text; qualitative fidelity still requires review.",".local/ai-feasibility-spike/results/extraction/EX-LOCAL-PHP-001/full-20260715-215350/raw/TC-EXT-FULL-011-FX-DOCX-004.json","Project team","EX-LOCAL-PHP-001 full readable-corpus extraction; local-only processing; no external transmission."
"MR-EXT-FULL-011-04","TR-EXT-FULL-011","locator preservation","locator_count","19","locators","observed","No","","Structural locator count recorded; exact locator fidelity remains subject to manual review.",".local/ai-feasibility-spike/results/extraction/EX-LOCAL-PHP-001/full-20260715-215350/raw/TC-EXT-FULL-011-FX-DOCX-004.json","Project team","EX-LOCAL-PHP-001 full readable-corpus extraction; local-only processing; no external transmission."
"MR-EXT-FULL-011-05","TR-EXT-FULL-011","performance","elapsed_ms","26.342","milliseconds","observed","No","","Single-run local observation; first PDF includes startup/cache overhead and should not be treated as a stable average.",".local/ai-feasibility-spike/results/extraction/EX-LOCAL-PHP-001/full-20260715-215350/raw/TC-EXT-FULL-011-FX-DOCX-004.json","Project team","EX-LOCAL-PHP-001 full readable-corpus extraction; local-only processing; no external transmission."
"MR-EXT-FULL-011-06","TR-EXT-FULL-011","resource use","memory_peak_delta_bytes","0","bytes","observed","No","","PHP-reported isolated-worker peak-memory delta.",".local/ai-feasibility-spike/results/extraction/EX-LOCAL-PHP-001/full-20260715-215350/raw/TC-EXT-FULL-011-FX-DOCX-004.json","Project team","EX-LOCAL-PHP-001 full readable-corpus extraction; local-only processing; no external transmission."
"MR-EXT-FULL-011-07","TR-EXT-FULL-011","warning handling","warning_count","0","warnings","observed","No","","No warnings were recorded in the full readable-corpus run.",".local/ai-feasibility-spike/results/extraction/EX-LOCAL-PHP-001/full-20260715-215350/raw/TC-EXT-FULL-011-FX-DOCX-004.json","Project team","EX-LOCAL-PHP-001 full readable-corpus extraction; local-only processing; no external transmission."
"MR-EXT-FULL-012-01","TR-EXT-FULL-012","full-corpus expectation","expectation_pass","True","boolean","passed","Yes","Yes","Readable-fixture extraction expectation was met.",".local/ai-feasibility-spike/results/extraction/EX-LOCAL-PHP-001/full-20260715-215350/raw/TC-EXT-FULL-012-FX-DOCX-005.json","Project team","EX-LOCAL-PHP-001 full readable-corpus extraction; local-only processing; no external transmission."
"MR-EXT-FULL-012-02","TR-EXT-FULL-012","extraction outcome","result_status","success","status","observed","No","","Recorded for candidate comparison.",".local/ai-feasibility-spike/results/extraction/EX-LOCAL-PHP-001/full-20260715-215350/raw/TC-EXT-FULL-012-FX-DOCX-005.json","Project team","EX-LOCAL-PHP-001 full readable-corpus extraction; local-only processing; no external transmission."
"MR-EXT-FULL-012-03","TR-EXT-FULL-012","extraction output","text_char_count","2218","characters","observed","No","","Successful extraction produced readable text; qualitative fidelity still requires review.",".local/ai-feasibility-spike/results/extraction/EX-LOCAL-PHP-001/full-20260715-215350/raw/TC-EXT-FULL-012-FX-DOCX-005.json","Project team","EX-LOCAL-PHP-001 full readable-corpus extraction; local-only processing; no external transmission."
"MR-EXT-FULL-012-04","TR-EXT-FULL-012","locator preservation","locator_count","22","locators","observed","No","","Structural locator count recorded; exact locator fidelity remains subject to manual review.",".local/ai-feasibility-spike/results/extraction/EX-LOCAL-PHP-001/full-20260715-215350/raw/TC-EXT-FULL-012-FX-DOCX-005.json","Project team","EX-LOCAL-PHP-001 full readable-corpus extraction; local-only processing; no external transmission."
"MR-EXT-FULL-012-05","TR-EXT-FULL-012","performance","elapsed_ms","18.065","milliseconds","observed","No","","Single-run local observation; first PDF includes startup/cache overhead and should not be treated as a stable average.",".local/ai-feasibility-spike/results/extraction/EX-LOCAL-PHP-001/full-20260715-215350/raw/TC-EXT-FULL-012-FX-DOCX-005.json","Project team","EX-LOCAL-PHP-001 full readable-corpus extraction; local-only processing; no external transmission."
"MR-EXT-FULL-012-06","TR-EXT-FULL-012","resource use","memory_peak_delta_bytes","0","bytes","observed","No","","PHP-reported isolated-worker peak-memory delta.",".local/ai-feasibility-spike/results/extraction/EX-LOCAL-PHP-001/full-20260715-215350/raw/TC-EXT-FULL-012-FX-DOCX-005.json","Project team","EX-LOCAL-PHP-001 full readable-corpus extraction; local-only processing; no external transmission."
"MR-EXT-FULL-012-07","TR-EXT-FULL-012","warning handling","warning_count","0","warnings","observed","No","","No warnings were recorded in the full readable-corpus run.",".local/ai-feasibility-spike/results/extraction/EX-LOCAL-PHP-001/full-20260715-215350/raw/TC-EXT-FULL-012-FX-DOCX-005.json","Project team","EX-LOCAL-PHP-001 full readable-corpus extraction; local-only processing; no external transmission."
"MR-EXT-FULL-013-01","TR-EXT-FULL-013","full-corpus expectation","expectation_pass","True","boolean","passed","Yes","Yes","Readable-fixture extraction expectation was met.",".local/ai-feasibility-spike/results/extraction/EX-LOCAL-PHP-001/full-20260715-215350/raw/TC-EXT-FULL-013-FX-DOCX-006.json","Project team","EX-LOCAL-PHP-001 full readable-corpus extraction; local-only processing; no external transmission."
"MR-EXT-FULL-013-02","TR-EXT-FULL-013","extraction outcome","result_status","success","status","observed","No","","Recorded for candidate comparison.",".local/ai-feasibility-spike/results/extraction/EX-LOCAL-PHP-001/full-20260715-215350/raw/TC-EXT-FULL-013-FX-DOCX-006.json","Project team","EX-LOCAL-PHP-001 full readable-corpus extraction; local-only processing; no external transmission."
"MR-EXT-FULL-013-03","TR-EXT-FULL-013","extraction output","text_char_count","2327","characters","observed","No","","Successful extraction produced readable text; qualitative fidelity still requires review.",".local/ai-feasibility-spike/results/extraction/EX-LOCAL-PHP-001/full-20260715-215350/raw/TC-EXT-FULL-013-FX-DOCX-006.json","Project team","EX-LOCAL-PHP-001 full readable-corpus extraction; local-only processing; no external transmission."
"MR-EXT-FULL-013-04","TR-EXT-FULL-013","locator preservation","locator_count","14","locators","observed","No","","Structural locator count recorded; exact locator fidelity remains subject to manual review.",".local/ai-feasibility-spike/results/extraction/EX-LOCAL-PHP-001/full-20260715-215350/raw/TC-EXT-FULL-013-FX-DOCX-006.json","Project team","EX-LOCAL-PHP-001 full readable-corpus extraction; local-only processing; no external transmission."
"MR-EXT-FULL-013-05","TR-EXT-FULL-013","performance","elapsed_ms","19.416","milliseconds","observed","No","","Single-run local observation; first PDF includes startup/cache overhead and should not be treated as a stable average.",".local/ai-feasibility-spike/results/extraction/EX-LOCAL-PHP-001/full-20260715-215350/raw/TC-EXT-FULL-013-FX-DOCX-006.json","Project team","EX-LOCAL-PHP-001 full readable-corpus extraction; local-only processing; no external transmission."
"MR-EXT-FULL-013-06","TR-EXT-FULL-013","resource use","memory_peak_delta_bytes","0","bytes","observed","No","","PHP-reported isolated-worker peak-memory delta.",".local/ai-feasibility-spike/results/extraction/EX-LOCAL-PHP-001/full-20260715-215350/raw/TC-EXT-FULL-013-FX-DOCX-006.json","Project team","EX-LOCAL-PHP-001 full readable-corpus extraction; local-only processing; no external transmission."
"MR-EXT-FULL-013-07","TR-EXT-FULL-013","warning handling","warning_count","0","warnings","observed","No","","No warnings were recorded in the full readable-corpus run.",".local/ai-feasibility-spike/results/extraction/EX-LOCAL-PHP-001/full-20260715-215350/raw/TC-EXT-FULL-013-FX-DOCX-006.json","Project team","EX-LOCAL-PHP-001 full readable-corpus extraction; local-only processing; no external transmission."
"MR-EXT-FULL-014-01","TR-EXT-FULL-014","full-corpus expectation","expectation_pass","True","boolean","passed","Yes","Yes","Readable-fixture extraction expectation was met.",".local/ai-feasibility-spike/results/extraction/EX-LOCAL-PHP-001/full-20260715-215350/raw/TC-EXT-FULL-014-FX-PPTX-001.json","Project team","EX-LOCAL-PHP-001 full readable-corpus extraction; local-only processing; no external transmission."
"MR-EXT-FULL-014-02","TR-EXT-FULL-014","extraction outcome","result_status","success","status","observed","No","","Recorded for candidate comparison.",".local/ai-feasibility-spike/results/extraction/EX-LOCAL-PHP-001/full-20260715-215350/raw/TC-EXT-FULL-014-FX-PPTX-001.json","Project team","EX-LOCAL-PHP-001 full readable-corpus extraction; local-only processing; no external transmission."
"MR-EXT-FULL-014-03","TR-EXT-FULL-014","extraction output","text_char_count","4205","characters","observed","No","","Successful extraction produced readable text; qualitative fidelity still requires review.",".local/ai-feasibility-spike/results/extraction/EX-LOCAL-PHP-001/full-20260715-215350/raw/TC-EXT-FULL-014-FX-PPTX-001.json","Project team","EX-LOCAL-PHP-001 full readable-corpus extraction; local-only processing; no external transmission."
"MR-EXT-FULL-014-04","TR-EXT-FULL-014","locator preservation","locator_count","8","locators","observed","No","","Structural locator count recorded; exact locator fidelity remains subject to manual review.",".local/ai-feasibility-spike/results/extraction/EX-LOCAL-PHP-001/full-20260715-215350/raw/TC-EXT-FULL-014-FX-PPTX-001.json","Project team","EX-LOCAL-PHP-001 full readable-corpus extraction; local-only processing; no external transmission."
"MR-EXT-FULL-014-05","TR-EXT-FULL-014","performance","elapsed_ms","39.992","milliseconds","observed","No","","Single-run local observation; first PDF includes startup/cache overhead and should not be treated as a stable average.",".local/ai-feasibility-spike/results/extraction/EX-LOCAL-PHP-001/full-20260715-215350/raw/TC-EXT-FULL-014-FX-PPTX-001.json","Project team","EX-LOCAL-PHP-001 full readable-corpus extraction; local-only processing; no external transmission."
"MR-EXT-FULL-014-06","TR-EXT-FULL-014","resource use","memory_peak_delta_bytes","2097152","bytes","observed","No","","PHP-reported isolated-worker peak-memory delta.",".local/ai-feasibility-spike/results/extraction/EX-LOCAL-PHP-001/full-20260715-215350/raw/TC-EXT-FULL-014-FX-PPTX-001.json","Project team","EX-LOCAL-PHP-001 full readable-corpus extraction; local-only processing; no external transmission."
"MR-EXT-FULL-014-07","TR-EXT-FULL-014","warning handling","warning_count","0","warnings","observed","No","","No warnings were recorded in the full readable-corpus run.",".local/ai-feasibility-spike/results/extraction/EX-LOCAL-PHP-001/full-20260715-215350/raw/TC-EXT-FULL-014-FX-PPTX-001.json","Project team","EX-LOCAL-PHP-001 full readable-corpus extraction; local-only processing; no external transmission."
"MR-EXT-FULL-015-01","TR-EXT-FULL-015","full-corpus expectation","expectation_pass","True","boolean","passed","Yes","Yes","Readable-fixture extraction expectation was met.",".local/ai-feasibility-spike/results/extraction/EX-LOCAL-PHP-001/full-20260715-215350/raw/TC-EXT-FULL-015-FX-PPTX-002.json","Project team","EX-LOCAL-PHP-001 full readable-corpus extraction; local-only processing; no external transmission."
"MR-EXT-FULL-015-02","TR-EXT-FULL-015","extraction outcome","result_status","success","status","observed","No","","Recorded for candidate comparison.",".local/ai-feasibility-spike/results/extraction/EX-LOCAL-PHP-001/full-20260715-215350/raw/TC-EXT-FULL-015-FX-PPTX-002.json","Project team","EX-LOCAL-PHP-001 full readable-corpus extraction; local-only processing; no external transmission."
"MR-EXT-FULL-015-03","TR-EXT-FULL-015","extraction output","text_char_count","2331","characters","observed","No","","Successful extraction produced readable text; qualitative fidelity still requires review.",".local/ai-feasibility-spike/results/extraction/EX-LOCAL-PHP-001/full-20260715-215350/raw/TC-EXT-FULL-015-FX-PPTX-002.json","Project team","EX-LOCAL-PHP-001 full readable-corpus extraction; local-only processing; no external transmission."
"MR-EXT-FULL-015-04","TR-EXT-FULL-015","locator preservation","locator_count","7","locators","observed","No","","Structural locator count recorded; exact locator fidelity remains subject to manual review.",".local/ai-feasibility-spike/results/extraction/EX-LOCAL-PHP-001/full-20260715-215350/raw/TC-EXT-FULL-015-FX-PPTX-002.json","Project team","EX-LOCAL-PHP-001 full readable-corpus extraction; local-only processing; no external transmission."
"MR-EXT-FULL-015-05","TR-EXT-FULL-015","performance","elapsed_ms","22.255","milliseconds","observed","No","","Single-run local observation; first PDF includes startup/cache overhead and should not be treated as a stable average.",".local/ai-feasibility-spike/results/extraction/EX-LOCAL-PHP-001/full-20260715-215350/raw/TC-EXT-FULL-015-FX-PPTX-002.json","Project team","EX-LOCAL-PHP-001 full readable-corpus extraction; local-only processing; no external transmission."
"MR-EXT-FULL-015-06","TR-EXT-FULL-015","resource use","memory_peak_delta_bytes","0","bytes","observed","No","","PHP-reported isolated-worker peak-memory delta.",".local/ai-feasibility-spike/results/extraction/EX-LOCAL-PHP-001/full-20260715-215350/raw/TC-EXT-FULL-015-FX-PPTX-002.json","Project team","EX-LOCAL-PHP-001 full readable-corpus extraction; local-only processing; no external transmission."
"MR-EXT-FULL-015-07","TR-EXT-FULL-015","warning handling","warning_count","0","warnings","observed","No","","No warnings were recorded in the full readable-corpus run.",".local/ai-feasibility-spike/results/extraction/EX-LOCAL-PHP-001/full-20260715-215350/raw/TC-EXT-FULL-015-FX-PPTX-002.json","Project team","EX-LOCAL-PHP-001 full readable-corpus extraction; local-only processing; no external transmission."
"MR-EXT-FULL-016-01","TR-EXT-FULL-016","full-corpus expectation","expectation_pass","True","boolean","passed","Yes","Yes","Readable-fixture extraction expectation was met.",".local/ai-feasibility-spike/results/extraction/EX-LOCAL-PHP-001/full-20260715-215350/raw/TC-EXT-FULL-016-FX-PPTX-003.json","Project team","EX-LOCAL-PHP-001 full readable-corpus extraction; local-only processing; no external transmission."
"MR-EXT-FULL-016-02","TR-EXT-FULL-016","extraction outcome","result_status","success","status","observed","No","","Recorded for candidate comparison.",".local/ai-feasibility-spike/results/extraction/EX-LOCAL-PHP-001/full-20260715-215350/raw/TC-EXT-FULL-016-FX-PPTX-003.json","Project team","EX-LOCAL-PHP-001 full readable-corpus extraction; local-only processing; no external transmission."
"MR-EXT-FULL-016-03","TR-EXT-FULL-016","extraction output","text_char_count","2763","characters","observed","No","","Successful extraction produced readable text; qualitative fidelity still requires review.",".local/ai-feasibility-spike/results/extraction/EX-LOCAL-PHP-001/full-20260715-215350/raw/TC-EXT-FULL-016-FX-PPTX-003.json","Project team","EX-LOCAL-PHP-001 full readable-corpus extraction; local-only processing; no external transmission."
"MR-EXT-FULL-016-04","TR-EXT-FULL-016","locator preservation","locator_count","8","locators","observed","No","","Structural locator count recorded; exact locator fidelity remains subject to manual review.",".local/ai-feasibility-spike/results/extraction/EX-LOCAL-PHP-001/full-20260715-215350/raw/TC-EXT-FULL-016-FX-PPTX-003.json","Project team","EX-LOCAL-PHP-001 full readable-corpus extraction; local-only processing; no external transmission."
"MR-EXT-FULL-016-05","TR-EXT-FULL-016","performance","elapsed_ms","17.877","milliseconds","observed","No","","Single-run local observation; first PDF includes startup/cache overhead and should not be treated as a stable average.",".local/ai-feasibility-spike/results/extraction/EX-LOCAL-PHP-001/full-20260715-215350/raw/TC-EXT-FULL-016-FX-PPTX-003.json","Project team","EX-LOCAL-PHP-001 full readable-corpus extraction; local-only processing; no external transmission."
"MR-EXT-FULL-016-06","TR-EXT-FULL-016","resource use","memory_peak_delta_bytes","0","bytes","observed","No","","PHP-reported isolated-worker peak-memory delta.",".local/ai-feasibility-spike/results/extraction/EX-LOCAL-PHP-001/full-20260715-215350/raw/TC-EXT-FULL-016-FX-PPTX-003.json","Project team","EX-LOCAL-PHP-001 full readable-corpus extraction; local-only processing; no external transmission."
"MR-EXT-FULL-016-07","TR-EXT-FULL-016","warning handling","warning_count","0","warnings","observed","No","","No warnings were recorded in the full readable-corpus run.",".local/ai-feasibility-spike/results/extraction/EX-LOCAL-PHP-001/full-20260715-215350/raw/TC-EXT-FULL-016-FX-PPTX-003.json","Project team","EX-LOCAL-PHP-001 full readable-corpus extraction; local-only processing; no external transmission."
"MR-EXT-FULL-017-01","TR-EXT-FULL-017","full-corpus expectation","expectation_pass","True","boolean","passed","Yes","Yes","Readable-fixture extraction expectation was met.",".local/ai-feasibility-spike/results/extraction/EX-LOCAL-PHP-001/full-20260715-215350/raw/TC-EXT-FULL-017-FX-PPTX-004.json","Project team","EX-LOCAL-PHP-001 full readable-corpus extraction; local-only processing; no external transmission."
"MR-EXT-FULL-017-02","TR-EXT-FULL-017","extraction outcome","result_status","success","status","observed","No","","Recorded for candidate comparison.",".local/ai-feasibility-spike/results/extraction/EX-LOCAL-PHP-001/full-20260715-215350/raw/TC-EXT-FULL-017-FX-PPTX-004.json","Project team","EX-LOCAL-PHP-001 full readable-corpus extraction; local-only processing; no external transmission."
"MR-EXT-FULL-017-03","TR-EXT-FULL-017","extraction output","text_char_count","1332","characters","observed","No","","Successful extraction produced readable text; qualitative fidelity still requires review.",".local/ai-feasibility-spike/results/extraction/EX-LOCAL-PHP-001/full-20260715-215350/raw/TC-EXT-FULL-017-FX-PPTX-004.json","Project team","EX-LOCAL-PHP-001 full readable-corpus extraction; local-only processing; no external transmission."
"MR-EXT-FULL-017-04","TR-EXT-FULL-017","locator preservation","locator_count","6","locators","observed","No","","Structural locator count recorded; exact locator fidelity remains subject to manual review.",".local/ai-feasibility-spike/results/extraction/EX-LOCAL-PHP-001/full-20260715-215350/raw/TC-EXT-FULL-017-FX-PPTX-004.json","Project team","EX-LOCAL-PHP-001 full readable-corpus extraction; local-only processing; no external transmission."
"MR-EXT-FULL-017-05","TR-EXT-FULL-017","performance","elapsed_ms","25.63","milliseconds","observed","No","","Single-run local observation; first PDF includes startup/cache overhead and should not be treated as a stable average.",".local/ai-feasibility-spike/results/extraction/EX-LOCAL-PHP-001/full-20260715-215350/raw/TC-EXT-FULL-017-FX-PPTX-004.json","Project team","EX-LOCAL-PHP-001 full readable-corpus extraction; local-only processing; no external transmission."
"MR-EXT-FULL-017-06","TR-EXT-FULL-017","resource use","memory_peak_delta_bytes","0","bytes","observed","No","","PHP-reported isolated-worker peak-memory delta.",".local/ai-feasibility-spike/results/extraction/EX-LOCAL-PHP-001/full-20260715-215350/raw/TC-EXT-FULL-017-FX-PPTX-004.json","Project team","EX-LOCAL-PHP-001 full readable-corpus extraction; local-only processing; no external transmission."
"MR-EXT-FULL-017-07","TR-EXT-FULL-017","warning handling","warning_count","0","warnings","observed","No","","No warnings were recorded in the full readable-corpus run.",".local/ai-feasibility-spike/results/extraction/EX-LOCAL-PHP-001/full-20260715-215350/raw/TC-EXT-FULL-017-FX-PPTX-004.json","Project team","EX-LOCAL-PHP-001 full readable-corpus extraction; local-only processing; no external transmission."
"MR-EXT-FULL-018-01","TR-EXT-FULL-018","full-corpus expectation","expectation_pass","True","boolean","passed","Yes","Yes","Readable-fixture extraction expectation was met.",".local/ai-feasibility-spike/results/extraction/EX-LOCAL-PHP-001/full-20260715-215350/raw/TC-EXT-FULL-018-FX-PPTX-005.json","Project team","EX-LOCAL-PHP-001 full readable-corpus extraction; local-only processing; no external transmission."
"MR-EXT-FULL-018-02","TR-EXT-FULL-018","extraction outcome","result_status","success","status","observed","No","","Recorded for candidate comparison.",".local/ai-feasibility-spike/results/extraction/EX-LOCAL-PHP-001/full-20260715-215350/raw/TC-EXT-FULL-018-FX-PPTX-005.json","Project team","EX-LOCAL-PHP-001 full readable-corpus extraction; local-only processing; no external transmission."
"MR-EXT-FULL-018-03","TR-EXT-FULL-018","extraction output","text_char_count","2056","characters","observed","No","","Successful extraction produced readable text; qualitative fidelity still requires review.",".local/ai-feasibility-spike/results/extraction/EX-LOCAL-PHP-001/full-20260715-215350/raw/TC-EXT-FULL-018-FX-PPTX-005.json","Project team","EX-LOCAL-PHP-001 full readable-corpus extraction; local-only processing; no external transmission."
"MR-EXT-FULL-018-04","TR-EXT-FULL-018","locator preservation","locator_count","6","locators","observed","No","","Structural locator count recorded; exact locator fidelity remains subject to manual review.",".local/ai-feasibility-spike/results/extraction/EX-LOCAL-PHP-001/full-20260715-215350/raw/TC-EXT-FULL-018-FX-PPTX-005.json","Project team","EX-LOCAL-PHP-001 full readable-corpus extraction; local-only processing; no external transmission."
"MR-EXT-FULL-018-05","TR-EXT-FULL-018","performance","elapsed_ms","21.477","milliseconds","observed","No","","Single-run local observation; first PDF includes startup/cache overhead and should not be treated as a stable average.",".local/ai-feasibility-spike/results/extraction/EX-LOCAL-PHP-001/full-20260715-215350/raw/TC-EXT-FULL-018-FX-PPTX-005.json","Project team","EX-LOCAL-PHP-001 full readable-corpus extraction; local-only processing; no external transmission."
"MR-EXT-FULL-018-06","TR-EXT-FULL-018","resource use","memory_peak_delta_bytes","0","bytes","observed","No","","PHP-reported isolated-worker peak-memory delta.",".local/ai-feasibility-spike/results/extraction/EX-LOCAL-PHP-001/full-20260715-215350/raw/TC-EXT-FULL-018-FX-PPTX-005.json","Project team","EX-LOCAL-PHP-001 full readable-corpus extraction; local-only processing; no external transmission."
"MR-EXT-FULL-018-07","TR-EXT-FULL-018","warning handling","warning_count","0","warnings","observed","No","","No warnings were recorded in the full readable-corpus run.",".local/ai-feasibility-spike/results/extraction/EX-LOCAL-PHP-001/full-20260715-215350/raw/TC-EXT-FULL-018-FX-PPTX-005.json","Project team","EX-LOCAL-PHP-001 full readable-corpus extraction; local-only processing; no external transmission."
"MR-EXT-FULL-019-01","TR-EXT-FULL-019","full-corpus expectation","expectation_pass","True","boolean","passed","Yes","Yes","Readable-fixture extraction expectation was met.",".local/ai-feasibility-spike/results/extraction/EX-LOCAL-PHP-001/full-20260715-215350/raw/TC-EXT-FULL-019-FX-PPTX-006.json","Project team","EX-LOCAL-PHP-001 full readable-corpus extraction; local-only processing; no external transmission."
"MR-EXT-FULL-019-02","TR-EXT-FULL-019","extraction outcome","result_status","success","status","observed","No","","Recorded for candidate comparison.",".local/ai-feasibility-spike/results/extraction/EX-LOCAL-PHP-001/full-20260715-215350/raw/TC-EXT-FULL-019-FX-PPTX-006.json","Project team","EX-LOCAL-PHP-001 full readable-corpus extraction; local-only processing; no external transmission."
"MR-EXT-FULL-019-03","TR-EXT-FULL-019","extraction output","text_char_count","2026","characters","observed","No","","Successful extraction produced readable text; qualitative fidelity still requires review.",".local/ai-feasibility-spike/results/extraction/EX-LOCAL-PHP-001/full-20260715-215350/raw/TC-EXT-FULL-019-FX-PPTX-006.json","Project team","EX-LOCAL-PHP-001 full readable-corpus extraction; local-only processing; no external transmission."
"MR-EXT-FULL-019-04","TR-EXT-FULL-019","locator preservation","locator_count","6","locators","observed","No","","Structural locator count recorded; exact locator fidelity remains subject to manual review.",".local/ai-feasibility-spike/results/extraction/EX-LOCAL-PHP-001/full-20260715-215350/raw/TC-EXT-FULL-019-FX-PPTX-006.json","Project team","EX-LOCAL-PHP-001 full readable-corpus extraction; local-only processing; no external transmission."
"MR-EXT-FULL-019-05","TR-EXT-FULL-019","performance","elapsed_ms","22.823","milliseconds","observed","No","","Single-run local observation; first PDF includes startup/cache overhead and should not be treated as a stable average.",".local/ai-feasibility-spike/results/extraction/EX-LOCAL-PHP-001/full-20260715-215350/raw/TC-EXT-FULL-019-FX-PPTX-006.json","Project team","EX-LOCAL-PHP-001 full readable-corpus extraction; local-only processing; no external transmission."
"MR-EXT-FULL-019-06","TR-EXT-FULL-019","resource use","memory_peak_delta_bytes","0","bytes","observed","No","","PHP-reported isolated-worker peak-memory delta.",".local/ai-feasibility-spike/results/extraction/EX-LOCAL-PHP-001/full-20260715-215350/raw/TC-EXT-FULL-019-FX-PPTX-006.json","Project team","EX-LOCAL-PHP-001 full readable-corpus extraction; local-only processing; no external transmission."
"MR-EXT-FULL-019-07","TR-EXT-FULL-019","warning handling","warning_count","0","warnings","observed","No","","No warnings were recorded in the full readable-corpus run.",".local/ai-feasibility-spike/results/extraction/EX-LOCAL-PHP-001/full-20260715-215350/raw/TC-EXT-FULL-019-FX-PPTX-006.json","Project team","EX-LOCAL-PHP-001 full readable-corpus extraction; local-only processing; no external transmission."
"MR-EXT-FULL-020-01","TR-EXT-FULL-020","full-corpus expectation","expectation_pass","True","boolean","passed","Yes","Yes","Readable-fixture extraction expectation was met.",".local/ai-feasibility-spike/results/extraction/EX-LOCAL-PHP-001/full-20260715-215350/raw/TC-EXT-FULL-020-FX-TXT-001.json","Project team","EX-LOCAL-PHP-001 full readable-corpus extraction; local-only processing; no external transmission."
"MR-EXT-FULL-020-02","TR-EXT-FULL-020","extraction outcome","result_status","success","status","observed","No","","Recorded for candidate comparison.",".local/ai-feasibility-spike/results/extraction/EX-LOCAL-PHP-001/full-20260715-215350/raw/TC-EXT-FULL-020-FX-TXT-001.json","Project team","EX-LOCAL-PHP-001 full readable-corpus extraction; local-only processing; no external transmission."
"MR-EXT-FULL-020-03","TR-EXT-FULL-020","extraction output","text_char_count","1828","characters","observed","No","","Successful extraction produced readable text; qualitative fidelity still requires review.",".local/ai-feasibility-spike/results/extraction/EX-LOCAL-PHP-001/full-20260715-215350/raw/TC-EXT-FULL-020-FX-TXT-001.json","Project team","EX-LOCAL-PHP-001 full readable-corpus extraction; local-only processing; no external transmission."
"MR-EXT-FULL-020-04","TR-EXT-FULL-020","locator preservation","locator_count","14","locators","observed","No","","Structural locator count recorded; exact locator fidelity remains subject to manual review.",".local/ai-feasibility-spike/results/extraction/EX-LOCAL-PHP-001/full-20260715-215350/raw/TC-EXT-FULL-020-FX-TXT-001.json","Project team","EX-LOCAL-PHP-001 full readable-corpus extraction; local-only processing; no external transmission."
"MR-EXT-FULL-020-05","TR-EXT-FULL-020","performance","elapsed_ms","60.621","milliseconds","observed","No","","Single-run local observation; first PDF includes startup/cache overhead and should not be treated as a stable average.",".local/ai-feasibility-spike/results/extraction/EX-LOCAL-PHP-001/full-20260715-215350/raw/TC-EXT-FULL-020-FX-TXT-001.json","Project team","EX-LOCAL-PHP-001 full readable-corpus extraction; local-only processing; no external transmission."
"MR-EXT-FULL-020-06","TR-EXT-FULL-020","resource use","memory_peak_delta_bytes","0","bytes","observed","No","","PHP-reported isolated-worker peak-memory delta.",".local/ai-feasibility-spike/results/extraction/EX-LOCAL-PHP-001/full-20260715-215350/raw/TC-EXT-FULL-020-FX-TXT-001.json","Project team","EX-LOCAL-PHP-001 full readable-corpus extraction; local-only processing; no external transmission."
"MR-EXT-FULL-020-07","TR-EXT-FULL-020","warning handling","warning_count","0","warnings","observed","No","","No warnings were recorded in the full readable-corpus run.",".local/ai-feasibility-spike/results/extraction/EX-LOCAL-PHP-001/full-20260715-215350/raw/TC-EXT-FULL-020-FX-TXT-001.json","Project team","EX-LOCAL-PHP-001 full readable-corpus extraction; local-only processing; no external transmission."
"MR-EXT-FULL-021-01","TR-EXT-FULL-021","full-corpus expectation","expectation_pass","True","boolean","passed","Yes","Yes","Readable-fixture extraction expectation was met.",".local/ai-feasibility-spike/results/extraction/EX-LOCAL-PHP-001/full-20260715-215350/raw/TC-EXT-FULL-021-FX-TXT-002.json","Project team","EX-LOCAL-PHP-001 full readable-corpus extraction; local-only processing; no external transmission."
"MR-EXT-FULL-021-02","TR-EXT-FULL-021","extraction outcome","result_status","success","status","observed","No","","Recorded for candidate comparison.",".local/ai-feasibility-spike/results/extraction/EX-LOCAL-PHP-001/full-20260715-215350/raw/TC-EXT-FULL-021-FX-TXT-002.json","Project team","EX-LOCAL-PHP-001 full readable-corpus extraction; local-only processing; no external transmission."
"MR-EXT-FULL-021-03","TR-EXT-FULL-021","extraction output","text_char_count","2410","characters","observed","No","","Successful extraction produced readable text; qualitative fidelity still requires review.",".local/ai-feasibility-spike/results/extraction/EX-LOCAL-PHP-001/full-20260715-215350/raw/TC-EXT-FULL-021-FX-TXT-002.json","Project team","EX-LOCAL-PHP-001 full readable-corpus extraction; local-only processing; no external transmission."
"MR-EXT-FULL-021-04","TR-EXT-FULL-021","locator preservation","locator_count","11","locators","observed","No","","Structural locator count recorded; exact locator fidelity remains subject to manual review.",".local/ai-feasibility-spike/results/extraction/EX-LOCAL-PHP-001/full-20260715-215350/raw/TC-EXT-FULL-021-FX-TXT-002.json","Project team","EX-LOCAL-PHP-001 full readable-corpus extraction; local-only processing; no external transmission."
"MR-EXT-FULL-021-05","TR-EXT-FULL-021","performance","elapsed_ms","18.152","milliseconds","observed","No","","Single-run local observation; first PDF includes startup/cache overhead and should not be treated as a stable average.",".local/ai-feasibility-spike/results/extraction/EX-LOCAL-PHP-001/full-20260715-215350/raw/TC-EXT-FULL-021-FX-TXT-002.json","Project team","EX-LOCAL-PHP-001 full readable-corpus extraction; local-only processing; no external transmission."
"MR-EXT-FULL-021-06","TR-EXT-FULL-021","resource use","memory_peak_delta_bytes","0","bytes","observed","No","","PHP-reported isolated-worker peak-memory delta.",".local/ai-feasibility-spike/results/extraction/EX-LOCAL-PHP-001/full-20260715-215350/raw/TC-EXT-FULL-021-FX-TXT-002.json","Project team","EX-LOCAL-PHP-001 full readable-corpus extraction; local-only processing; no external transmission."
"MR-EXT-FULL-021-07","TR-EXT-FULL-021","warning handling","warning_count","0","warnings","observed","No","","No warnings were recorded in the full readable-corpus run.",".local/ai-feasibility-spike/results/extraction/EX-LOCAL-PHP-001/full-20260715-215350/raw/TC-EXT-FULL-021-FX-TXT-002.json","Project team","EX-LOCAL-PHP-001 full readable-corpus extraction; local-only processing; no external transmission."
"MR-EXT-FULL-022-01","TR-EXT-FULL-022","full-corpus expectation","expectation_pass","True","boolean","passed","Yes","Yes","Readable-fixture extraction expectation was met.",".local/ai-feasibility-spike/results/extraction/EX-LOCAL-PHP-001/full-20260715-215350/raw/TC-EXT-FULL-022-FX-TXT-003.json","Project team","EX-LOCAL-PHP-001 full readable-corpus extraction; local-only processing; no external transmission."
"MR-EXT-FULL-022-02","TR-EXT-FULL-022","extraction outcome","result_status","success","status","observed","No","","Recorded for candidate comparison.",".local/ai-feasibility-spike/results/extraction/EX-LOCAL-PHP-001/full-20260715-215350/raw/TC-EXT-FULL-022-FX-TXT-003.json","Project team","EX-LOCAL-PHP-001 full readable-corpus extraction; local-only processing; no external transmission."
"MR-EXT-FULL-022-03","TR-EXT-FULL-022","extraction output","text_char_count","2511","characters","observed","No","","Successful extraction produced readable text; qualitative fidelity still requires review.",".local/ai-feasibility-spike/results/extraction/EX-LOCAL-PHP-001/full-20260715-215350/raw/TC-EXT-FULL-022-FX-TXT-003.json","Project team","EX-LOCAL-PHP-001 full readable-corpus extraction; local-only processing; no external transmission."
"MR-EXT-FULL-022-04","TR-EXT-FULL-022","locator preservation","locator_count","15","locators","observed","No","","Structural locator count recorded; exact locator fidelity remains subject to manual review.",".local/ai-feasibility-spike/results/extraction/EX-LOCAL-PHP-001/full-20260715-215350/raw/TC-EXT-FULL-022-FX-TXT-003.json","Project team","EX-LOCAL-PHP-001 full readable-corpus extraction; local-only processing; no external transmission."
"MR-EXT-FULL-022-05","TR-EXT-FULL-022","performance","elapsed_ms","17.597","milliseconds","observed","No","","Single-run local observation; first PDF includes startup/cache overhead and should not be treated as a stable average.",".local/ai-feasibility-spike/results/extraction/EX-LOCAL-PHP-001/full-20260715-215350/raw/TC-EXT-FULL-022-FX-TXT-003.json","Project team","EX-LOCAL-PHP-001 full readable-corpus extraction; local-only processing; no external transmission."
"MR-EXT-FULL-022-06","TR-EXT-FULL-022","resource use","memory_peak_delta_bytes","0","bytes","observed","No","","PHP-reported isolated-worker peak-memory delta.",".local/ai-feasibility-spike/results/extraction/EX-LOCAL-PHP-001/full-20260715-215350/raw/TC-EXT-FULL-022-FX-TXT-003.json","Project team","EX-LOCAL-PHP-001 full readable-corpus extraction; local-only processing; no external transmission."
"MR-EXT-FULL-022-07","TR-EXT-FULL-022","warning handling","warning_count","0","warnings","observed","No","","No warnings were recorded in the full readable-corpus run.",".local/ai-feasibility-spike/results/extraction/EX-LOCAL-PHP-001/full-20260715-215350/raw/TC-EXT-FULL-022-FX-TXT-003.json","Project team","EX-LOCAL-PHP-001 full readable-corpus extraction; local-only processing; no external transmission."
"MR-EXT-FULL-023-01","TR-EXT-FULL-023","full-corpus expectation","expectation_pass","True","boolean","passed","Yes","Yes","Readable-fixture extraction expectation was met.",".local/ai-feasibility-spike/results/extraction/EX-LOCAL-PHP-001/full-20260715-215350/raw/TC-EXT-FULL-023-FX-TXT-004.json","Project team","EX-LOCAL-PHP-001 full readable-corpus extraction; local-only processing; no external transmission."
"MR-EXT-FULL-023-02","TR-EXT-FULL-023","extraction outcome","result_status","success","status","observed","No","","Recorded for candidate comparison.",".local/ai-feasibility-spike/results/extraction/EX-LOCAL-PHP-001/full-20260715-215350/raw/TC-EXT-FULL-023-FX-TXT-004.json","Project team","EX-LOCAL-PHP-001 full readable-corpus extraction; local-only processing; no external transmission."
"MR-EXT-FULL-023-03","TR-EXT-FULL-023","extraction output","text_char_count","1470","characters","observed","No","","Successful extraction produced readable text; qualitative fidelity still requires review.",".local/ai-feasibility-spike/results/extraction/EX-LOCAL-PHP-001/full-20260715-215350/raw/TC-EXT-FULL-023-FX-TXT-004.json","Project team","EX-LOCAL-PHP-001 full readable-corpus extraction; local-only processing; no external transmission."
"MR-EXT-FULL-023-04","TR-EXT-FULL-023","locator preservation","locator_count","11","locators","observed","No","","Structural locator count recorded; exact locator fidelity remains subject to manual review.",".local/ai-feasibility-spike/results/extraction/EX-LOCAL-PHP-001/full-20260715-215350/raw/TC-EXT-FULL-023-FX-TXT-004.json","Project team","EX-LOCAL-PHP-001 full readable-corpus extraction; local-only processing; no external transmission."
"MR-EXT-FULL-023-05","TR-EXT-FULL-023","performance","elapsed_ms","19.14","milliseconds","observed","No","","Single-run local observation; first PDF includes startup/cache overhead and should not be treated as a stable average.",".local/ai-feasibility-spike/results/extraction/EX-LOCAL-PHP-001/full-20260715-215350/raw/TC-EXT-FULL-023-FX-TXT-004.json","Project team","EX-LOCAL-PHP-001 full readable-corpus extraction; local-only processing; no external transmission."
"MR-EXT-FULL-023-06","TR-EXT-FULL-023","resource use","memory_peak_delta_bytes","0","bytes","observed","No","","PHP-reported isolated-worker peak-memory delta.",".local/ai-feasibility-spike/results/extraction/EX-LOCAL-PHP-001/full-20260715-215350/raw/TC-EXT-FULL-023-FX-TXT-004.json","Project team","EX-LOCAL-PHP-001 full readable-corpus extraction; local-only processing; no external transmission."
"MR-EXT-FULL-023-07","TR-EXT-FULL-023","warning handling","warning_count","0","warnings","observed","No","","No warnings were recorded in the full readable-corpus run.",".local/ai-feasibility-spike/results/extraction/EX-LOCAL-PHP-001/full-20260715-215350/raw/TC-EXT-FULL-023-FX-TXT-004.json","Project team","EX-LOCAL-PHP-001 full readable-corpus extraction; local-only processing; no external transmission."
"MR-EXT-FULL-024-01","TR-EXT-FULL-024","full-corpus expectation","expectation_pass","True","boolean","passed","Yes","Yes","Readable-fixture extraction expectation was met.",".local/ai-feasibility-spike/results/extraction/EX-LOCAL-PHP-001/full-20260715-215350/raw/TC-EXT-FULL-024-FX-TXT-005.json","Project team","EX-LOCAL-PHP-001 full readable-corpus extraction; local-only processing; no external transmission."
"MR-EXT-FULL-024-02","TR-EXT-FULL-024","extraction outcome","result_status","success","status","observed","No","","Recorded for candidate comparison.",".local/ai-feasibility-spike/results/extraction/EX-LOCAL-PHP-001/full-20260715-215350/raw/TC-EXT-FULL-024-FX-TXT-005.json","Project team","EX-LOCAL-PHP-001 full readable-corpus extraction; local-only processing; no external transmission."
"MR-EXT-FULL-024-03","TR-EXT-FULL-024","extraction output","text_char_count","2109","characters","observed","No","","Successful extraction produced readable text; qualitative fidelity still requires review.",".local/ai-feasibility-spike/results/extraction/EX-LOCAL-PHP-001/full-20260715-215350/raw/TC-EXT-FULL-024-FX-TXT-005.json","Project team","EX-LOCAL-PHP-001 full readable-corpus extraction; local-only processing; no external transmission."
"MR-EXT-FULL-024-04","TR-EXT-FULL-024","locator preservation","locator_count","13","locators","observed","No","","Structural locator count recorded; exact locator fidelity remains subject to manual review.",".local/ai-feasibility-spike/results/extraction/EX-LOCAL-PHP-001/full-20260715-215350/raw/TC-EXT-FULL-024-FX-TXT-005.json","Project team","EX-LOCAL-PHP-001 full readable-corpus extraction; local-only processing; no external transmission."
"MR-EXT-FULL-024-05","TR-EXT-FULL-024","performance","elapsed_ms","17.48","milliseconds","observed","No","","Single-run local observation; first PDF includes startup/cache overhead and should not be treated as a stable average.",".local/ai-feasibility-spike/results/extraction/EX-LOCAL-PHP-001/full-20260715-215350/raw/TC-EXT-FULL-024-FX-TXT-005.json","Project team","EX-LOCAL-PHP-001 full readable-corpus extraction; local-only processing; no external transmission."
"MR-EXT-FULL-024-06","TR-EXT-FULL-024","resource use","memory_peak_delta_bytes","0","bytes","observed","No","","PHP-reported isolated-worker peak-memory delta.",".local/ai-feasibility-spike/results/extraction/EX-LOCAL-PHP-001/full-20260715-215350/raw/TC-EXT-FULL-024-FX-TXT-005.json","Project team","EX-LOCAL-PHP-001 full readable-corpus extraction; local-only processing; no external transmission."
"MR-EXT-FULL-024-07","TR-EXT-FULL-024","warning handling","warning_count","0","warnings","observed","No","","No warnings were recorded in the full readable-corpus run.",".local/ai-feasibility-spike/results/extraction/EX-LOCAL-PHP-001/full-20260715-215350/raw/TC-EXT-FULL-024-FX-TXT-005.json","Project team","EX-LOCAL-PHP-001 full readable-corpus extraction; local-only processing; no external transmission."
"MR-EXT-FULL-025-01","TR-EXT-FULL-025","full-corpus expectation","expectation_pass","True","boolean","passed","Yes","Yes","Readable-fixture extraction expectation was met.",".local/ai-feasibility-spike/results/extraction/EX-LOCAL-PHP-001/full-20260715-215350/raw/TC-EXT-FULL-025-FX-TXT-006.json","Project team","EX-LOCAL-PHP-001 full readable-corpus extraction; local-only processing; no external transmission."
"MR-EXT-FULL-025-02","TR-EXT-FULL-025","extraction outcome","result_status","success","status","observed","No","","Recorded for candidate comparison.",".local/ai-feasibility-spike/results/extraction/EX-LOCAL-PHP-001/full-20260715-215350/raw/TC-EXT-FULL-025-FX-TXT-006.json","Project team","EX-LOCAL-PHP-001 full readable-corpus extraction; local-only processing; no external transmission."
"MR-EXT-FULL-025-03","TR-EXT-FULL-025","extraction output","text_char_count","1538","characters","observed","No","","Successful extraction produced readable text; qualitative fidelity still requires review.",".local/ai-feasibility-spike/results/extraction/EX-LOCAL-PHP-001/full-20260715-215350/raw/TC-EXT-FULL-025-FX-TXT-006.json","Project team","EX-LOCAL-PHP-001 full readable-corpus extraction; local-only processing; no external transmission."
"MR-EXT-FULL-025-04","TR-EXT-FULL-025","locator preservation","locator_count","9","locators","observed","No","","Structural locator count recorded; exact locator fidelity remains subject to manual review.",".local/ai-feasibility-spike/results/extraction/EX-LOCAL-PHP-001/full-20260715-215350/raw/TC-EXT-FULL-025-FX-TXT-006.json","Project team","EX-LOCAL-PHP-001 full readable-corpus extraction; local-only processing; no external transmission."
"MR-EXT-FULL-025-05","TR-EXT-FULL-025","performance","elapsed_ms","17.603","milliseconds","observed","No","","Single-run local observation; first PDF includes startup/cache overhead and should not be treated as a stable average.",".local/ai-feasibility-spike/results/extraction/EX-LOCAL-PHP-001/full-20260715-215350/raw/TC-EXT-FULL-025-FX-TXT-006.json","Project team","EX-LOCAL-PHP-001 full readable-corpus extraction; local-only processing; no external transmission."
"MR-EXT-FULL-025-06","TR-EXT-FULL-025","resource use","memory_peak_delta_bytes","0","bytes","observed","No","","PHP-reported isolated-worker peak-memory delta.",".local/ai-feasibility-spike/results/extraction/EX-LOCAL-PHP-001/full-20260715-215350/raw/TC-EXT-FULL-025-FX-TXT-006.json","Project team","EX-LOCAL-PHP-001 full readable-corpus extraction; local-only processing; no external transmission."
"MR-EXT-FULL-025-07","TR-EXT-FULL-025","warning handling","warning_count","0","warnings","observed","No","","No warnings were recorded in the full readable-corpus run.",".local/ai-feasibility-spike/results/extraction/EX-LOCAL-PHP-001/full-20260715-215350/raw/TC-EXT-FULL-025-FX-TXT-006.json","Project team","EX-LOCAL-PHP-001 full readable-corpus extraction; local-only processing; no external transmission."
"MR-EXT-FIDELITY-001","TR-EXT-FIDELITY-001","text fidelity","eligible_expected_evidence_rows","137","rows","observed","No","","Accepted expected-evidence passages eligible for direct extraction comparison.",".local/ai-feasibility-spike/results/extraction/EX-LOCAL-PHP-001/full-20260715-215350/fidelity-review-20260715-221128/fidelity-review-all.csv","Project team","EX-LOCAL-PHP-001 targeted extraction-fidelity and locator review; local-only evidence."
"MR-EXT-FIDELITY-002","TR-EXT-FIDELITY-001","text fidelity","exact_normalized_full_text_matches","119","rows","passed","No","","119 of 137 accepted passages matched exactly after ordinary normalization.",".local/ai-feasibility-spike/results/extraction/EX-LOCAL-PHP-001/full-20260715-215350/fidelity-review-20260715-221128/fidelity-review-all.csv","Project team","EX-LOCAL-PHP-001 targeted extraction-fidelity and locator review; local-only evidence."
"MR-EXT-FIDELITY-003","TR-EXT-FIDELITY-001","text fidelity","exact_normalized_single_block_matches","119","rows","passed","No","","All exact full-text matches were also preserved inside one extracted block.",".local/ai-feasibility-spike/results/extraction/EX-LOCAL-PHP-001/full-20260715-215350/fidelity-review-20260715-221128/fidelity-review-all.csv","Project team","EX-LOCAL-PHP-001 targeted extraction-fidelity and locator review; local-only evidence."
"MR-EXT-FIDELITY-004","TR-EXT-FIDELITY-001","text fidelity","exact_normalized_match_rate","86.86","percent","passed","No","","Exact normalized match rate is informative; non-exact rows were diagnosed separately.",".local/ai-feasibility-spike/results/extraction/EX-LOCAL-PHP-001/full-20260715-215350/fidelity-review-20260715-221128/fidelity-review-all.csv","Project team","EX-LOCAL-PHP-001 targeted extraction-fidelity and locator review; local-only evidence."
"MR-EXT-FIDELITY-005","TR-EXT-FIDELITY-001","text fidelity","initial_review_flags","18","rows","reviewed","No","","All 18 initial flags retained complete token coverage and received targeted diagnosis.",".local/ai-feasibility-spike/results/extraction/EX-LOCAL-PHP-001/full-20260715-215350/fidelity-review-20260715-221128/flag-diagnosis-20260715-222728/flag-diagnosis.csv","Project team","EX-LOCAL-PHP-001 targeted extraction-fidelity and locator review; local-only evidence."
"MR-EXT-FIDELITY-006","TR-EXT-FIDELITY-001","text fidelity","content_fidelity_review_required","0","rows","passed","Yes","Yes","No flagged passage showed evidence of missing substantive content.",".local/ai-feasibility-spike/results/extraction/EX-LOCAL-PHP-001/full-20260715-215350/fidelity-review-20260715-221128/flag-diagnosis-20260715-222728/flag-diagnosis.csv","Project team","EX-LOCAL-PHP-001 targeted extraction-fidelity and locator review; local-only evidence."
"MR-EXT-FIDELITY-007","TR-EXT-FIDELITY-001","format preservation","formatting_or_punctuation_only_within_one_block","7","rows","accepted limitation","No","","Differences were limited to formatting or punctuation while content remained in one block.",".local/ai-feasibility-spike/results/extraction/EX-LOCAL-PHP-001/full-20260715-215350/fidelity-review-20260715-221128/flag-diagnosis-20260715-222728/flag-diagnosis.csv","Project team","EX-LOCAL-PHP-001 targeted extraction-fidelity and locator review; local-only evidence."
"MR-EXT-FIDELITY-008","TR-EXT-FIDELITY-001","format preservation","minor_extraction_spacing_or_order_difference","6","rows","accepted limitation","No","","Minor spacing or ordering differences did not require content-fidelity escalation.",".local/ai-feasibility-spike/results/extraction/EX-LOCAL-PHP-001/full-20260715-215350/fidelity-review-20260715-221128/flag-diagnosis-20260715-222728/flag-diagnosis.csv","Project team","EX-LOCAL-PHP-001 targeted extraction-fidelity and locator review; local-only evidence."
"MR-EXT-FIDELITY-009","TR-EXT-FIDELITY-001","format preservation","likely_formatting_difference_manual_confirmation","5","rows","accepted limitation","No","","Combined-section or multi-block expected passages retained complete ordered token coverage.",".local/ai-feasibility-spike/results/extraction/EX-LOCAL-PHP-001/full-20260715-215350/fidelity-review-20260715-221128/flag-diagnosis-20260715-222728/flag-diagnosis.csv","Project team","EX-LOCAL-PHP-001 targeted extraction-fidelity and locator review; local-only evidence."
"MR-SEG-001-01","TR-SEG-001","chunking coverage","resources_processed","25","resources","passed","Yes","Yes","All 25 accepted readable fixtures were segmented.",".local/ai-feasibility-spike/results/chunking/SEG-BLOCK-AWARE-001/run-20260715-225346/chunking-summary.json","Project team","SEG-BLOCK-AWARE-001 local chunking evidence. Testing does not authorize a permanent production chunk table, vector store, or final retrieval architecture."
"MR-SEG-001-02","TR-SEG-001","chunking output","chunks_created","101","chunks","observed","No","","Observed bounded-corpus chunk count for this configuration.",".local/ai-feasibility-spike/results/chunking/SEG-BLOCK-AWARE-001/run-20260715-225346/chunking-summary.json","Project team","SEG-BLOCK-AWARE-001 local chunking evidence. Testing does not authorize a permanent production chunk table, vector store, or final retrieval architecture."
"MR-SEG-001-03","TR-SEG-001","chunk size","average_chunk_characters","668.04","characters","observed","No","","Average size remained below the 900-character target because source block and locator boundaries were preserved.",".local/ai-feasibility-spike/results/chunking/SEG-BLOCK-AWARE-001/run-20260715-225346/chunking-summary.json","Project team","SEG-BLOCK-AWARE-001 local chunking evidence. Testing does not authorize a permanent production chunk table, vector store, or final retrieval architecture."
"MR-SEG-001-04","TR-SEG-001","chunk size","median_chunk_characters","581","characters","observed","No","","Median size recorded for later retrieval comparison.",".local/ai-feasibility-spike/results/chunking/SEG-BLOCK-AWARE-001/run-20260715-225346/chunking-summary.json","Project team","SEG-BLOCK-AWARE-001 local chunking evidence. Testing does not authorize a permanent production chunk table, vector store, or final retrieval architecture."
"MR-SEG-001-05","TR-SEG-001","chunk size","p95_chunk_characters","1167","characters","passed","No","","The 95th-percentile chunk remained within the 1200-character maximum.",".local/ai-feasibility-spike/results/chunking/SEG-BLOCK-AWARE-001/run-20260715-225346/chunking-summary.json","Project team","SEG-BLOCK-AWARE-001 local chunking evidence. Testing does not authorize a permanent production chunk table, vector store, or final retrieval architecture."
"MR-SEG-001-06","TR-SEG-001","chunk size","maximum_chunk_characters","1199","characters","passed","Yes","Yes","Maximum observed chunk size remained within the configured 1200-character limit.",".local/ai-feasibility-spike/results/chunking/SEG-BLOCK-AWARE-001/run-20260715-225346/chunking-summary.json","Project team","SEG-BLOCK-AWARE-001 local chunking evidence. Testing does not authorize a permanent production chunk table, vector store, or final retrieval architecture."
"MR-SEG-001-07","TR-SEG-001","locator preservation","chunks_missing_locators","0","chunks","passed","Yes","Yes","Every chunk retained a source locator or locator range.",".local/ai-feasibility-spike/results/chunking/SEG-BLOCK-AWARE-001/run-20260715-225346/chunking-summary.json","Project team","SEG-BLOCK-AWARE-001 local chunking evidence. Testing does not authorize a permanent production chunk table, vector store, or final retrieval architecture."
"MR-SEG-001-08","TR-SEG-001","chunk size","chunks_over_maximum","0","chunks","passed","Yes","Yes","No chunk exceeded the configured maximum.",".local/ai-feasibility-spike/results/chunking/SEG-BLOCK-AWARE-001/run-20260715-225346/chunking-summary.json","Project team","SEG-BLOCK-AWARE-001 local chunking evidence. Testing does not authorize a permanent production chunk table, vector store, or final retrieval architecture."
"MR-SEG-001-09","TR-SEG-001","chunk size","chunks_under_120_characters","1","chunks","accepted observation","No","","The only short chunk was a meaningful 103-character PPTX title slide. It remains retained until retrieval testing shows whether filtering or metadata-only treatment is justified.",".local/ai-feasibility-spike/results/chunking/SEG-BLOCK-AWARE-001/run-20260715-225346/diagnosis-php-20260715-173344/short-chunk-review.csv","Project team","SEG-BLOCK-AWARE-001 local chunking evidence. Testing does not authorize a permanent production chunk table, vector store, or final retrieval architecture."
"MR-SEG-001-10","TR-SEG-001","evidence retention","eligible_expected_evidence_rows","137","rows","observed","No","","Accepted evidence passages eligible for chunk-level retention review.",".local/ai-feasibility-spike/results/chunking/SEG-BLOCK-AWARE-001/run-20260715-225346/evidence-chunk-coverage.csv","Project team","SEG-BLOCK-AWARE-001 local chunking evidence. Testing does not authorize a permanent production chunk table, vector store, or final retrieval architecture."
"MR-SEG-001-11","TR-SEG-001","evidence retention","single_chunk_exact_rows","119","rows","passed","No","","119 accepted passages were preserved exactly within a single chunk.",".local/ai-feasibility-spike/results/chunking/SEG-BLOCK-AWARE-001/run-20260715-225346/evidence-chunk-coverage.csv","Project team","SEG-BLOCK-AWARE-001 local chunking evidence. Testing does not authorize a permanent production chunk table, vector store, or final retrieval architecture."
"MR-SEG-001-12","TR-SEG-001","evidence retention","high_coverage_nonexact_rows","16","rows","passed with reviewed formatting differences","No","","Sixteen rows retained high single-chunk token coverage despite formatting or extraction-normalization differences.",".local/ai-feasibility-spike/results/chunking/SEG-BLOCK-AWARE-001/run-20260715-225346/evidence-chunk-coverage.csv","Project team","SEG-BLOCK-AWARE-001 local chunking evidence. Testing does not authorize a permanent production chunk table, vector store, or final retrieval architecture."
"MR-SEG-001-13","TR-SEG-001","evidence retention","initial_manual_review_rows","2","rows","reviewed","No","","The two flags were the known multi-section PDF evidence row EE-088 and multi-slide PPTX evidence row EE-149.",".local/ai-feasibility-spike/results/chunking/SEG-BLOCK-AWARE-001/run-20260715-225346/diagnosis-php-20260715-173344/manual-review-diagnosis.csv","Project team","SEG-BLOCK-AWARE-001 local chunking evidence. Testing does not authorize a permanent production chunk table, vector store, or final retrieval architecture."
"MR-SEG-001-14","TR-SEG-001","evidence retention","content_gap_or_order_issue_rows","0","rows","passed","Yes","Yes","No diagnosed evidence passage showed missing content or an ordering problem.",".local/ai-feasibility-spike/results/chunking/SEG-BLOCK-AWARE-001/run-20260715-225346/diagnosis-php-20260715-173344/manual-review-diagnosis.csv","Project team","SEG-BLOCK-AWARE-001 local chunking evidence. Testing does not authorize a permanent production chunk table, vector store, or final retrieval architecture."
"MR-SEG-001-15","TR-SEG-001","multi-chunk evidence","passages_preserved_across_multiple_chunks","2","rows","passed","No","","EE-088 and EE-149 retained 100 percent unique and ordered token coverage across multiple chunks. Retrieval evaluation must allow multiple relevant chunks rather than assuming one chunk always contains complete evidence.",".local/ai-feasibility-spike/results/chunking/SEG-BLOCK-AWARE-001/run-20260715-225346/diagnosis-php-20260715-173344/manual-review-diagnosis.csv","Project team","SEG-BLOCK-AWARE-001 local chunking evidence. Testing does not authorize a permanent production chunk table, vector store, or final retrieval architecture."
"MR-EMB-PREFLIGHT-001-01","TR-EMB-PREFLIGHT-001","model identity","model_size_bytes","45960996","bytes","observed","No","","The installed all-minilm model artifact was approximately 43.83 MiB.",".local/ai-feasibility-spike/results/embeddings/EMB-OLLAMA-ALL-MINILM-001/preflight-20260716-154502/preflight-summary.json","Project team","Recovered EMB-OLLAMA-ALL-MINILM-001 preflight evidence. Full-corpus embedding, retrieval quality, utilization, failure behavior, and final architecture remain pending."
"MR-EMB-PREFLIGHT-001-02","TR-EMB-PREFLIGHT-001","model identity","embedding_dimension","384","dimensions","passed","Yes","Yes","Every returned vector used the expected 384 dimensions.",".local/ai-feasibility-spike/results/embeddings/EMB-OLLAMA-ALL-MINILM-001/preflight-20260716-154502/preflight-summary.json","Project team","Recovered EMB-OLLAMA-ALL-MINILM-001 preflight evidence. Full-corpus embedding, retrieval quality, utilization, failure behavior, and final architecture remain pending."
"MR-EMB-PREFLIGHT-001-03","TR-EMB-PREFLIGHT-001","embedding output","vector_count","4","vectors","passed","Yes","Yes","Four inputs produced four vectors.",".local/ai-feasibility-spike/results/embeddings/EMB-OLLAMA-ALL-MINILM-001/preflight-20260716-154502/preflight-summary.json","Project team","Recovered EMB-OLLAMA-ALL-MINILM-001 preflight evidence. Full-corpus embedding, retrieval quality, utilization, failure behavior, and final architecture remain pending."
"MR-EMB-PREFLIGHT-001-04","TR-EMB-PREFLIGHT-001","embedding output","minimum_vector_norm","0.99999990","cosine norm","passed","Yes","Yes","The minimum recorded norm was effectively 1.0.",".local/ai-feasibility-spike/results/embeddings/EMB-OLLAMA-ALL-MINILM-001/preflight-20260716-154502/preflight-summary.json","Project team","Recovered EMB-OLLAMA-ALL-MINILM-001 preflight evidence. Full-corpus embedding, retrieval quality, utilization, failure behavior, and final architecture remain pending."
"MR-EMB-PREFLIGHT-001-05","TR-EMB-PREFLIGHT-001","embedding output","maximum_vector_norm","0.99999992","cosine norm","passed","Yes","Yes","The maximum recorded norm was effectively 1.0.",".local/ai-feasibility-spike/results/embeddings/EMB-OLLAMA-ALL-MINILM-001/preflight-20260716-154502/preflight-summary.json","Project team","Recovered EMB-OLLAMA-ALL-MINILM-001 preflight evidence. Full-corpus embedding, retrieval quality, utilization, failure behavior, and final architecture remain pending."
"MR-EMB-PREFLIGHT-001-06","TR-EMB-PREFLIGHT-001","embedding output","norm_guardrail_pass","1","boolean","passed","Yes","Yes","All vector norms satisfied the preflight tolerance.",".local/ai-feasibility-spike/results/embeddings/EMB-OLLAMA-ALL-MINILM-001/preflight-20260716-154502/preflight-summary.json","Project team","Recovered EMB-OLLAMA-ALL-MINILM-001 preflight evidence. Full-corpus embedding, retrieval quality, utilization, failure behavior, and final architecture remain pending."
"MR-EMB-PREFLIGHT-001-07","TR-EMB-PREFLIGHT-001","semantic sanity check","similarity_identical","1.00000000","cosine similarity","passed","Yes","Yes","Identical text produced cosine similarity 1.0.",".local/ai-feasibility-spike/results/embeddings/EMB-OLLAMA-ALL-MINILM-001/preflight-20260716-154502/preflight-summary.json","Project team","Recovered EMB-OLLAMA-ALL-MINILM-001 preflight evidence. Full-corpus embedding, retrieval quality, utilization, failure behavior, and final architecture remain pending."
"MR-EMB-PREFLIGHT-001-08","TR-EMB-PREFLIGHT-001","semantic sanity check","similarity_related","0.82815292","cosine similarity","passed","Yes","Yes","The related paraphrase scored substantially above the unrelated input.",".local/ai-feasibility-spike/results/embeddings/EMB-OLLAMA-ALL-MINILM-001/preflight-20260716-154502/preflight-summary.json","Project team","Recovered EMB-OLLAMA-ALL-MINILM-001 preflight evidence. Full-corpus embedding, retrieval quality, utilization, failure behavior, and final architecture remain pending."
"MR-EMB-PREFLIGHT-001-09","TR-EMB-PREFLIGHT-001","semantic sanity check","similarity_unrelated","0.02647216","cosine similarity","passed","Yes","Yes","The unrelated usability sentence scored near zero.",".local/ai-feasibility-spike/results/embeddings/EMB-OLLAMA-ALL-MINILM-001/preflight-20260716-154502/preflight-summary.json","Project team","Recovered EMB-OLLAMA-ALL-MINILM-001 preflight evidence. Full-corpus embedding, retrieval quality, utilization, failure behavior, and final architecture remain pending."
"MR-EMB-PREFLIGHT-001-10","TR-EMB-PREFLIGHT-001","semantic sanity check","semantic_ordering_pass","1","boolean","passed","Yes","Yes","Identical similarity exceeded related similarity, which exceeded unrelated similarity.",".local/ai-feasibility-spike/results/embeddings/EMB-OLLAMA-ALL-MINILM-001/preflight-20260716-154502/preflight-summary.json","Project team","Recovered EMB-OLLAMA-ALL-MINILM-001 preflight evidence. Full-corpus embedding, retrieval quality, utilization, failure behavior, and final architecture remain pending."
"MR-EMB-PREFLIGHT-001-11","TR-EMB-PREFLIGHT-001","latency","cold_request_elapsed_ms","14207.469","milliseconds","observed","No","","The cold request included a substantial model-loading cost.",".local/ai-feasibility-spike/results/embeddings/EMB-OLLAMA-ALL-MINILM-001/preflight-20260716-154502/preflight-summary.json","Project team","Recovered EMB-OLLAMA-ALL-MINILM-001 preflight evidence. Full-corpus embedding, retrieval quality, utilization, failure behavior, and final architecture remain pending."
"MR-EMB-PREFLIGHT-001-12","TR-EMB-PREFLIGHT-001","latency","warm_batch_request_elapsed_ms","478.209","milliseconds","observed","No","","The warm four-input batch completed in under half a second at the client.",".local/ai-feasibility-spike/results/embeddings/EMB-OLLAMA-ALL-MINILM-001/preflight-20260716-154502/preflight-summary.json","Project team","Recovered EMB-OLLAMA-ALL-MINILM-001 preflight evidence. Full-corpus embedding, retrieval quality, utilization, failure behavior, and final architecture remain pending."
"MR-EMB-PREFLIGHT-001-13","TR-EMB-PREFLIGHT-001","validation","validation_error_count","0","errors","passed","Yes","Yes","No malformed, missing, non-finite, or inconsistent vectors were reported.",".local/ai-feasibility-spike/results/embeddings/EMB-OLLAMA-ALL-MINILM-001/preflight-20260716-154502/preflight-summary.json","Project team","Recovered EMB-OLLAMA-ALL-MINILM-001 preflight evidence. Full-corpus embedding, retrieval quality, utilization, failure behavior, and final architecture remain pending."
"MR-EMB-PREFLIGHT-001-14","TR-EMB-PREFLIGHT-001","privacy and scope","bpc_corpus_inputs_used","0","inputs","passed","Yes","Yes","The preflight used synthetic sanity-check sentences and no BPC LearnShare corpus text.",".local/ai-feasibility-spike/results/embeddings/EMB-OLLAMA-ALL-MINILM-001/preflight-20260716-154502/preflight-summary.json","Project team","Recovered EMB-OLLAMA-ALL-MINILM-001 preflight evidence. Full-corpus embedding, retrieval quality, utilization, failure behavior, and final architecture remain pending."
"MR-EMB-FULL-001-01","TR-EMB-FULL-001","runtime and model identity","ollama_runtime_version","0.32.1","version","observed","No","","Recorded actual full-corpus-attempt runtime.",".local/ai-feasibility-spike/results/embeddings/EMB-OLLAMA-ALL-MINILM-001/run-20260725-162833Z/vectors.jsonl","Project team","Preflight used Ollama 0.32.0; this attempt used 0.32.1."
"MR-EMB-FULL-001-02","TR-EMB-FULL-001","runtime and model identity","model_digest","1b226e2802dbb772b5fc32a58f103ca1804ef7501331012de126ab22f67475ef","sha256","observed","No","","Same installed all-minilm model digest as the accepted preflight.",".local/ai-feasibility-spike/results/embeddings/EMB-OLLAMA-ALL-MINILM-001/run-20260725-162833Z/vectors.jsonl","Project team","The model digest was recorded in each successful partial vector record."
"MR-EMB-FULL-001-03","TR-EMB-FULL-001","embedding completion","intended_input_count","101","chunks","observed","No","","The full intended corpus was defined but not completed.",".local/ai-feasibility-spike/results/embeddings/EMB-OLLAMA-ALL-MINILM-001/run-20260725-162833Z/input-manifest.csv","Project team","All 101 accepted chunks were listed before execution."
"MR-EMB-FULL-001-04","TR-EMB-FULL-001","embedding completion","successful_vector_count","43","vectors","observed","No","","Only 43 of 101 intended vectors completed.",".local/ai-feasibility-spike/results/embeddings/EMB-OLLAMA-ALL-MINILM-001/run-20260725-162833Z/per-chunk-results.csv","Project team","The completed rows cover sequences 1 through 43."
"MR-EMB-FULL-001-05","TR-EMB-FULL-001","embedding completion","failed_request_count","1","requests","observed","No","","One request failed and stopped the guarded run.",".local/ai-feasibility-spike/results/embeddings/EMB-OLLAMA-ALL-MINILM-001/run-20260725-162833Z/failures.csv","Project team","The recorded failure occurred at sequence 44."
"MR-EMB-FULL-001-06","TR-EMB-FULL-001","embedding completion","unattempted_input_count","57","chunks","observed","No","","Later inputs were intentionally not attempted after the first failure.",".local/ai-feasibility-spike/results/embeddings/EMB-OLLAMA-ALL-MINILM-001/run-20260725-162833Z/input-manifest.csv","Project team","Calculated as 101 intended minus 43 successful minus 1 failed."
"MR-EMB-FULL-001-07","TR-EMB-FULL-001","embedding completion","partial_vector_count","43","vectors","observed","No","","Partial vectors were preserved as failed-run evidence only.",".local/ai-feasibility-spike/results/embeddings/EMB-OLLAMA-ALL-MINILM-001/run-20260725-162833Z/vectors.jsonl","Project team","These vectors are not approved for retrieval."
"MR-EMB-FULL-001-08","TR-EMB-FULL-001","embedding completion","completion_rate_percent","42.57425743","percent","observed","No","","Completion was below the full-run requirement and below the 95 percent targeted-fix threshold.",".local/ai-feasibility-spike/results/embeddings/EMB-OLLAMA-ALL-MINILM-001/run-20260725-162833Z/per-chunk-results.csv","Project team","Calculated as 43 divided by 101 multiplied by 100."
"MR-EMB-FULL-001-09","TR-EMB-FULL-001","failure diagnosis","first_failed_sequence","44","sequence","observed","No","","The first failed request was sequence 44.",".local/ai-feasibility-spike/results/embeddings/EMB-OLLAMA-ALL-MINILM-001/run-20260725-162833Z/failures.csv","Project team","The runner stopped on the first failure."
"MR-EMB-FULL-001-10","TR-EMB-FULL-001","failure diagnosis","first_failed_chunk_id","CH-FX-DOCX-006-001","identifier","observed","No","","The first incompatible accepted chunk was identified exactly.",".local/ai-feasibility-spike/results/embeddings/EMB-OLLAMA-ALL-MINILM-001/run-20260725-162833Z/failures.csv","Project team","Fixture FX-DOCX-006; source version SV-FX-DOCX-006-001."
"MR-EMB-FULL-001-11","TR-EMB-FULL-001","failure diagnosis","first_failed_chunk_character_count","1179","characters","observed","No","","Character count alone did not guarantee model-context compatibility.",".local/ai-feasibility-spike/results/embeddings/EMB-OLLAMA-ALL-MINILM-001/run-20260725-162833Z/input-manifest.csv","Project team","The accepted chunk remained below the 1200-character segmentation ceiling."
"MR-EMB-FULL-001-12","TR-EMB-FULL-001","failure diagnosis","first_failed_chunk_word_count","162","words","observed","No","","Word count is recorded for later context-fit comparison.",".local/ai-feasibility-spike/results/embeddings/EMB-OLLAMA-ALL-MINILM-001/run-20260725-162833Z/input-manifest.csv","Project team","Word count is not treated as an exact token count."
"MR-EMB-FULL-001-13","TR-EMB-FULL-001","failure diagnosis","failure_category","input context length exceeded","category","observed","No","","Direct terminal output reported that the input length exceeded the context length.",".local/ai-feasibility-spike/results/embedding-reviews/TR-EMB-FULL-001/registration-review.json","Project team","The local review record preserves the exact direct terminal response and distinguishes it from the generic HTTP 400 summary retained in failures.csv."
"MR-EMB-FULL-001-14","TR-EMB-FULL-001","latency","attempted_run_elapsed_ms","14203.351","milliseconds","observed","No","","Elapsed time covers the partial run through the recorded stop time.",".local/ai-feasibility-spike/results/embeddings/EMB-OLLAMA-ALL-MINILM-001/run-20260725-162833Z/RUN_INFO.txt","Project team","Calculated from the recorded UTC start and stop timestamps."
"MR-EMB-FULL-001-15","TR-EMB-FULL-001","latency","minimum_request_elapsed_ms","85.519","milliseconds","observed","No","","Minimum successful request wall-clock time.",".local/ai-feasibility-spike/results/embeddings/EMB-OLLAMA-ALL-MINILM-001/run-20260725-162833Z/per-chunk-results.csv","Project team","Measured over the 43 successful requests only."
"MR-EMB-FULL-001-16","TR-EMB-FULL-001","latency","median_request_elapsed_ms","134.147","milliseconds","observed","No","","Median successful request wall-clock time.",".local/ai-feasibility-spike/results/embeddings/EMB-OLLAMA-ALL-MINILM-001/run-20260725-162833Z/per-chunk-results.csv","Project team","Nearest-rank median over the 43 successful requests."
"MR-EMB-FULL-001-17","TR-EMB-FULL-001","latency","mean_request_elapsed_ms","228.687720930233","milliseconds","observed","No","","Mean successful request wall-clock time.",".local/ai-feasibility-spike/results/embeddings/EMB-OLLAMA-ALL-MINILM-001/run-20260725-162833Z/per-chunk-results.csv","Project team","Measured over the 43 successful requests only."
"MR-EMB-FULL-001-18","TR-EMB-FULL-001","latency","p90_request_elapsed_ms","227.89","milliseconds","observed","No","","Ninetieth-percentile successful request wall-clock time.",".local/ai-feasibility-spike/results/embeddings/EMB-OLLAMA-ALL-MINILM-001/run-20260725-162833Z/per-chunk-results.csv","Project team","Nearest-rank P90 over the 43 successful requests."
"MR-EMB-FULL-001-19","TR-EMB-FULL-001","latency","maximum_request_elapsed_ms","3522.943","milliseconds","observed","No","","Maximum successful request wall-clock time.",".local/ai-feasibility-spike/results/embeddings/EMB-OLLAMA-ALL-MINILM-001/run-20260725-162833Z/per-chunk-results.csv","Project team","The first successful request likely includes runtime/model warm-up effects."
"MR-EMB-FULL-001-20","TR-EMB-FULL-001","embedding output","embedding_dimension","384","dimensions","passed","Yes","Yes","All 43 completed vectors used the expected dimension.",".local/ai-feasibility-spike/results/embeddings/EMB-OLLAMA-ALL-MINILM-001/run-20260725-162833Z/per-chunk-results.csv","Project team","This applies only to completed vectors."
"MR-EMB-FULL-001-21","TR-EMB-FULL-001","embedding output","dimension_mismatch_count","0","vectors","passed","Yes","Yes","No completed vector had a dimension mismatch.",".local/ai-feasibility-spike/results/embeddings/EMB-OLLAMA-ALL-MINILM-001/run-20260725-162833Z/per-chunk-results.csv","Project team","The failed request did not return a vector."
"MR-EMB-FULL-001-22","TR-EMB-FULL-001","embedding output","non_finite_vector_count","0","vectors","passed","Yes","Yes","No completed vector contained NaN or infinite values.",".local/ai-feasibility-spike/results/embeddings/EMB-OLLAMA-ALL-MINILM-001/run-20260725-162833Z/per-chunk-results.csv","Project team","This applies only to the 43 completed vectors."
"MR-EMB-FULL-001-23","TR-EMB-FULL-001","embedding output","norm_failure_count","0","vectors","passed","Yes","Yes","All completed vectors passed the configured norm tolerance.",".local/ai-feasibility-spike/results/embeddings/EMB-OLLAMA-ALL-MINILM-001/run-20260725-162833Z/per-chunk-results.csv","Project team","This does not override the failed corpus-completion guardrail."
"MR-EMB-FULL-001-24","TR-EMB-FULL-001","embedding output","minimum_vector_norm","0.999999476156","cosine norm","observed","No","","Minimum norm among completed vectors.",".local/ai-feasibility-spike/results/embeddings/EMB-OLLAMA-ALL-MINILM-001/run-20260725-162833Z/per-chunk-results.csv","Project team","Measured over 43 completed vectors."
"MR-EMB-FULL-001-25","TR-EMB-FULL-001","embedding output","maximum_vector_norm","1.0000002609","cosine norm","observed","No","","Maximum norm among completed vectors.",".local/ai-feasibility-spike/results/embeddings/EMB-OLLAMA-ALL-MINILM-001/run-20260725-162833Z/per-chunk-results.csv","Project team","Measured over 43 completed vectors."
"MR-EMB-FULL-001-26","TR-EMB-FULL-001","temporary artifact footprint","vectors_artifact_size_bytes","230071","bytes","observed","No","","Size of the partial vectors artifact.",".local/ai-feasibility-spike/results/embeddings/EMB-OLLAMA-ALL-MINILM-001/run-20260725-162833Z/vectors.jsonl","Project team","Failed-run evidence only; not a complete corpus footprint."
"MR-EMB-FULL-001-27","TR-EMB-FULL-001","temporary artifact footprint","failed_run_evidence_size_bytes","286988","bytes","observed","No","","Total failed-run folder size at review time.",".local/ai-feasibility-spike/results/embeddings/EMB-OLLAMA-ALL-MINILM-001/run-20260725-162833Z/artifact-manifest.csv","Project team","Includes state marker and evidence artifacts present during the audit."
"MR-EMB-FULL-001-28","TR-EMB-FULL-001","resource observations","resource_observation_count","87","snapshots","observed","No","","Representative before/after process snapshots were recorded.",".local/ai-feasibility-spike/results/embeddings/EMB-OLLAMA-ALL-MINILM-001/run-20260725-162833Z/resource-observations.csv","Project team","These are not true continuously sampled peak measurements."
"MR-EMB-FULL-001-29","TR-EMB-FULL-001","resource observations","maximum_observed_ollama_working_set_bytes","88907776","bytes","observed","No","","Maximum observed Ollama working set across representative snapshots.",".local/ai-feasibility-spike/results/embeddings/EMB-OLLAMA-ALL-MINILM-001/run-20260725-162833Z/resource-observations.csv","Project team","Observation only; not a guaranteed peak."
"MR-EMB-FULL-001-30","TR-EMB-FULL-001","resource observations","maximum_observed_ollama_private_memory_bytes","159903744","bytes","observed","No","","Maximum observed Ollama private memory across representative snapshots.",".local/ai-feasibility-spike/results/embeddings/EMB-OLLAMA-ALL-MINILM-001/run-20260725-162833Z/resource-observations.csv","Project team","Observation only; not a guaranteed peak."
"MR-EMB-FULL-001-31","TR-EMB-FULL-001","resource observations","maximum_observed_runner_working_set_bytes","186990592","bytes","observed","No","","Maximum observed PowerShell runner working set.",".local/ai-feasibility-spike/results/embeddings/EMB-OLLAMA-ALL-MINILM-001/run-20260725-162833Z/resource-observations.csv","Project team","Observation only; not a guaranteed peak."
"MR-EMB-FULL-001-32","TR-EMB-FULL-001","mandatory guardrails","full_corpus_completion_guardrail_pass","0","boolean","accepted limitation","Yes","","The candidate did not complete all 101 intended inputs as tested.",".local/ai-feasibility-spike/results/embeddings/EMB-OLLAMA-ALL-MINILM-001/run-20260725-162833Z/RUN_INFO.txt","Project team","The failed run must not be represented as ready."
"MR-EMB-FULL-001-33","TR-EMB-FULL-001","mandatory guardrails","false_ready_condition_count","0","conditions","passed","Yes","Yes","The failed run contained FAILED.marker and no READY.marker.",".local/ai-feasibility-spike/results/embeddings/EMB-OLLAMA-ALL-MINILM-001/run-20260725-162833Z/artifact-manifest.csv","Project team","Safe failure state was preserved."
"MR-EMB-FULL-001-34","TR-EMB-FULL-001","mandatory guardrails","silent_omission_count","0","omissions","passed","Yes","Yes","All failed and unattempted inputs were explicitly accounted for.",".local/ai-feasibility-spike/results/embeddings/EMB-OLLAMA-ALL-MINILM-001/run-20260725-162833Z/input-manifest.csv","Project team","Fifty-seven later chunks were recorded as unattempted, not silently omitted."
"MR-EMB-FULL-001-35","TR-EMB-FULL-001","mandatory guardrails","partial_vectors_isolated","1","boolean","passed","Yes","Yes","Partial vectors were preserved only inside the failed-run folder.",".local/ai-feasibility-spike/results/embeddings/EMB-OLLAMA-ALL-MINILM-001/run-20260725-162833Z/vectors.jsonl","Project team","They are prohibited from retrieval use."
"MR-EMB-FULL-001-36","TR-EMB-FULL-001","failure isolation","tracked_repository_change_count","0","files","passed","Yes","Yes","The execution and evidence audit left tracked files unchanged.",".local/ai-feasibility-spike/results/embeddings/EMB-OLLAMA-ALL-MINILM-001/run-20260725-162833Z/RUN_INFO.txt","Project team","Registration itself is a separate reviewed action."
"MR-EMB-FULL-001-37","TR-EMB-FULL-001","failure isolation","previously_valid_unrelated_capability_output_usable","1","boolean","passed","Yes","Yes","The embedding failure did not invalidate accepted extraction or chunking evidence.",".local/ai-feasibility-spike/results/embeddings/EMB-OLLAMA-ALL-MINILM-001/run-20260725-162833Z/RUN_INFO.txt","Project team","Only the full-corpus embedding capability failed."
"MR-EMB-CONTEXT-001-01","TR-EMB-CONTEXT-001","runtime and model identity","ollama_runtime_version","0.32.1","version","observed","No","","Recorded runtime used by the diagnostic.",".local/ai-feasibility-spike/results/embedding-context-fit/EMB-OLLAMA-ALL-MINILM-001/run-20260725-173801Z/context-fit-summary.json","Project team","The runtime matched the registered failed full-corpus attempt."
"MR-EMB-CONTEXT-001-02","TR-EMB-CONTEXT-001","runtime and model identity","model_digest","1b226e2802dbb772b5fc32a58f103ca1804ef7501331012de126ab22f67475ef","sha256","observed","No","","The installed all-minilm model digest remained unchanged.",".local/ai-feasibility-spike/results/embedding-context-fit/EMB-OLLAMA-ALL-MINILM-001/run-20260725-173801Z/context-fit-summary.json","Project team","No model pull or replacement occurred."
"MR-EMB-CONTEXT-001-03","TR-EMB-CONTEXT-001","context-fit completion","intended_input_count","101","chunks","observed","No","","The diagnostic used the complete accepted chunk artifact.",".local/ai-feasibility-spike/results/embedding-context-fit/EMB-OLLAMA-ALL-MINILM-001/run-20260725-173801Z/input-manifest.csv","Project team","All accepted readable-corpus chunks were listed."
"MR-EMB-CONTEXT-001-04","TR-EMB-CONTEXT-001","context-fit completion","attempted_input_count","101","chunks","observed","No","","Every intended chunk received an independent request.",".local/ai-feasibility-spike/results/embedding-context-fit/EMB-OLLAMA-ALL-MINILM-001/run-20260725-173801Z/context-fit-results.csv","Project team","The diagnostic continued after the rejected input."
"MR-EMB-CONTEXT-001-05","TR-EMB-CONTEXT-001","context-fit outcome","context_compatible_count","100","chunks","observed","No","","One hundred chunks fit the candidate as tested.",".local/ai-feasibility-spike/results/embedding-context-fit/EMB-OLLAMA-ALL-MINILM-001/run-20260725-173801Z/context-fit-results.csv","Project team","Accepted responses passed dimension and finite-value checks."
"MR-EMB-CONTEXT-001-06","TR-EMB-CONTEXT-001","context-fit outcome","rejected_input_count","1","chunks","observed","No","","Exactly one accepted chunk was rejected.",".local/ai-feasibility-spike/results/embedding-context-fit/EMB-OLLAMA-ALL-MINILM-001/run-20260725-173801Z/context-fit-results.csv","Project team","The rejected input was sequence 44."
"MR-EMB-CONTEXT-001-07","TR-EMB-CONTEXT-001","context-fit outcome","invalid_response_count","0","responses","passed","Yes","Yes","No accepted response was malformed.",".local/ai-feasibility-spike/results/embedding-context-fit/EMB-OLLAMA-ALL-MINILM-001/run-20260725-173801Z/context-fit-results.csv","Project team","All accepted responses contained one valid 384-dimensional finite vector."
"MR-EMB-CONTEXT-001-08","TR-EMB-CONTEXT-001","context-fit outcome","compatibility_rate_percent","99.00990099","percent","observed","No","","The candidate remained viable for targeted correction.",".local/ai-feasibility-spike/results/embedding-context-fit/EMB-OLLAMA-ALL-MINILM-001/run-20260725-173801Z/context-fit-summary.json","Project team","Calculated as 100 divided by 101 multiplied by 100."
"MR-EMB-CONTEXT-001-09","TR-EMB-CONTEXT-001","privacy and artifact handling","vectors_persisted_count","0","vectors","passed","Yes","Yes","No diagnostic vector value was written to disk.",".local/ai-feasibility-spike/results/embedding-context-fit/EMB-OLLAMA-ALL-MINILM-001/run-20260725-173801Z/context-fit-summary.json","Project team","Returned vectors were validated in memory and discarded."
"MR-EMB-CONTEXT-001-10","TR-EMB-CONTEXT-001","privacy and artifact handling","reusable_vector_corpus_created","0","boolean","passed","Yes","Yes","The diagnostic did not create a retrieval corpus.",".local/ai-feasibility-spike/results/embedding-context-fit/EMB-OLLAMA-ALL-MINILM-001/run-20260725-173801Z/context-fit-summary.json","Project team","Retrieval remains blocked."
"MR-EMB-CONTEXT-001-11","TR-EMB-CONTEXT-001","rejected-input identity","rejected_sequence","44","sequence","observed","No","","The same sequence failed in both the full run and diagnostic.",".local/ai-feasibility-spike/results/embedding-context-fit/EMB-OLLAMA-ALL-MINILM-001/run-20260725-173801Z/context-fit-results.csv","Project team","Sequence 44 was tested independently."
"MR-EMB-CONTEXT-001-12","TR-EMB-CONTEXT-001","rejected-input identity","rejected_chunk_id","CH-FX-DOCX-006-001","identifier","observed","No","","The incompatible chunk was identified exactly.",".local/ai-feasibility-spike/results/embedding-context-fit/EMB-OLLAMA-ALL-MINILM-001/run-20260725-173801Z/context-fit-results.csv","Project team","Fixture FX-DOCX-006; source version SV-FX-DOCX-006-001."
"MR-EMB-CONTEXT-001-13","TR-EMB-CONTEXT-001","rejected-input identity","rejected_file_type","DOCX","file type","observed","No","","The only rejected chunk came from a DOCX fixture.",".local/ai-feasibility-spike/results/embedding-context-fit/EMB-OLLAMA-ALL-MINILM-001/run-20260725-173801Z/context-fit-results.csv","Project team","This single result does not establish a general DOCX limitation."
"MR-EMB-CONTEXT-001-14","TR-EMB-CONTEXT-001","rejected-input size","rejected_character_count","1179","characters","observed","No","","Character count was recorded for pattern comparison.",".local/ai-feasibility-spike/results/embedding-context-fit/EMB-OLLAMA-ALL-MINILM-001/run-20260725-173801Z/context-fit-results.csv","Project team","Three larger or equal accepted chunks show this is not a safe standalone threshold."
"MR-EMB-CONTEXT-001-15","TR-EMB-CONTEXT-001","rejected-input size","rejected_word_count","162","words","observed","No","","Word count was recorded for pattern comparison.",".local/ai-feasibility-spike/results/embedding-context-fit/EMB-OLLAMA-ALL-MINILM-001/run-20260725-173801Z/context-fit-results.csv","Project team","Eighteen accepted chunks had at least this many words."
"MR-EMB-CONTEXT-001-16","TR-EMB-CONTEXT-001","rejected-input diagnosis","raw_rejection_category","http_400_request_rejected","category","observed","No","","The diagnostic preserved the raw PowerShell-visible failure category.",".local/ai-feasibility-spike/results/embedding-context-fit/EMB-OLLAMA-ALL-MINILM-001/run-20260725-173801Z/context-fit-results.csv","Project team","The response body was blank in the diagnostic evidence."
"MR-EMB-CONTEXT-001-17","TR-EMB-CONTEXT-001","rejected-input diagnosis","corroborated_failure_cause","input context length exceeded","reviewed cause","reviewed","No","","The earlier registered full-run evidence identifies the same rejection cause.",".local/ai-feasibility-spike/results/embedding-reviews/TR-EMB-FULL-001/registration-review.json","Project team","The exact Ollama console response was preserved separately and is not retroactively inserted into the raw diagnostic."
"MR-EMB-CONTEXT-001-18","TR-EMB-CONTEXT-001","size-pattern review","maximum_accepted_character_count","1199","characters","observed","No","","A larger chunk than the rejected chunk was accepted.",".local/ai-feasibility-spike/results/embedding-context-fit/EMB-OLLAMA-ALL-MINILM-001/run-20260725-173801Z/context-fit-results.csv","Project team","Character count alone does not determine context compatibility."
"MR-EMB-CONTEXT-001-19","TR-EMB-CONTEXT-001","size-pattern review","maximum_accepted_word_count","188","words","observed","No","","Accepted chunks exceeded the rejected word count.",".local/ai-feasibility-spike/results/embedding-context-fit/EMB-OLLAMA-ALL-MINILM-001/run-20260725-173801Z/context-fit-results.csv","Project team","Word count alone does not determine context compatibility."
"MR-EMB-CONTEXT-001-20","TR-EMB-CONTEXT-001","size-pattern review","accepted_at_or_above_rejected_character_count","3","chunks","observed","No","","Three accepted chunks had at least 1179 characters.",".local/ai-feasibility-spike/results/embedding-context-fit/EMB-OLLAMA-ALL-MINILM-001/run-20260725-173801Z/context-fit-results.csv","Project team","A simple character ceiling derived from the rejected chunk is unsupported."
"MR-EMB-CONTEXT-001-21","TR-EMB-CONTEXT-001","size-pattern review","accepted_at_or_above_rejected_word_count","18","chunks","observed","No","","Eighteen accepted chunks had at least 162 words.",".local/ai-feasibility-spike/results/embedding-context-fit/EMB-OLLAMA-ALL-MINILM-001/run-20260725-173801Z/context-fit-results.csv","Project team","A simple word ceiling derived from the rejected chunk is unsupported."
"MR-EMB-CONTEXT-001-22","TR-EMB-CONTEXT-001","size-pattern review","simple_character_or_word_threshold_supported","0","boolean","accepted observation","No","","The observed overlaps do not support a reliable character-only or word-only correction rule.",".local/ai-feasibility-spike/results/embedding-context-fit/EMB-OLLAMA-ALL-MINILM-001/run-20260725-173801Z/context-fit-results.csv","Project team","The next segmentation proposal should be model-aware and separately versioned."
"MR-EMB-CONTEXT-001-23","TR-EMB-CONTEXT-001","mandatory guardrails","all_inputs_accounted_guardrail_pass","1","boolean","passed","Yes","Yes","All 101 intended inputs received an explicit outcome.",".local/ai-feasibility-spike/results/embedding-context-fit/EMB-OLLAMA-ALL-MINILM-001/run-20260725-173801Z/context-fit-summary.json","Project team","No input was silently omitted."
"MR-EMB-CONTEXT-001-24","TR-EMB-CONTEXT-001","mandatory guardrails","no_vector_corpus_guardrail_pass","1","boolean","passed","Yes","Yes","No reusable vector corpus was created.",".local/ai-feasibility-spike/results/embedding-context-fit/EMB-OLLAMA-ALL-MINILM-001/run-20260725-173801Z/context-fit-summary.json","Project team","The diagnostic remains separate from retrieval testing."
"MR-EMB-CONTEXT-001-25","TR-EMB-CONTEXT-001","mandatory guardrails","diagnostic_complete_marker_guardrail_pass","1","boolean","passed","Yes","Yes","The completed diagnostic has the correct terminal marker state.",".local/ai-feasibility-spike/results/embedding-context-fit/EMB-OLLAMA-ALL-MINILM-001/run-20260725-173801Z/DIAGNOSTIC_COMPLETE.marker","Project team","FAILED.marker and PARTIAL.marker were absent."
"MR-EMB-CONTEXT-001-26","TR-EMB-CONTEXT-001","mandatory guardrails","artifact_manifest_guardrail_pass","1","boolean","passed","Yes","Yes","All five manifest entries matched their files, sizes, and hashes.",".local/ai-feasibility-spike/results/embedding-context-fit/EMB-OLLAMA-ALL-MINILM-001/run-20260725-173801Z/artifact-manifest.csv","Project team","The completion marker is intentionally excluded from the manifest."
"MR-EMB-CONTEXT-001-27","TR-EMB-CONTEXT-001","failure isolation","tracked_repository_change_count","0","files","passed","Yes","Yes","The diagnostic did not modify tracked repository files.",".local/ai-feasibility-spike/results/embedding-context-fit/EMB-OLLAMA-ALL-MINILM-001/run-20260725-173801Z/RUN_INFO.txt","Project team","Registration is a separate reviewed action."
"MR-EMB-CONTEXT-001-28","TR-EMB-CONTEXT-001","candidate readiness","candidate_full_corpus_ready","0","boolean","accepted limitation","Yes","","The candidate is not ready for retrieval because one accepted chunk still cannot be embedded unchanged.",".local/ai-feasibility-spike/results/embedding-context-fit/EMB-OLLAMA-ALL-MINILM-001/run-20260725-173801Z/context-fit-summary.json","Project team","A targeted, separately versioned segmentation correction remains required."
"MR-SEG-CONTEXT-001-01","TR-SEG-CONTEXT-001","runtime and model identity","ollama_runtime_version","0.32.1","version","observed","No","","Recorded runtime used by the targeted probe.",".local/ai-feasibility-spike/results/segmentation-context-fit/SEG-BLOCK-AWARE-CONTEXT-FIT-002/run-20260727-024410Z/context-fit-summary.json","Project team","The runtime matched the accepted context-fit diagnostic."
"MR-SEG-CONTEXT-001-02","TR-SEG-CONTEXT-001","runtime and model identity","model_name","all-minilm:latest","model","observed","No","","The targeted probe used the same embedding model candidate.",".local/ai-feasibility-spike/results/segmentation-context-fit/SEG-BLOCK-AWARE-CONTEXT-FIT-002/run-20260727-024410Z/context-fit-summary.json","Project team","No model pull or replacement occurred."
"MR-SEG-CONTEXT-001-03","TR-SEG-CONTEXT-001","runtime and model identity","model_digest","1b226e2802dbb772b5fc32a58f103ca1804ef7501331012de126ab22f67475ef","sha256","observed","No","","The installed model digest remained unchanged.",".local/ai-feasibility-spike/results/segmentation-context-fit/SEG-BLOCK-AWARE-CONTEXT-FIT-002/run-20260727-024410Z/context-fit-summary.json","Project team","This preserves comparability with earlier embedding tests."
"MR-SEG-CONTEXT-001-04","TR-SEG-CONTEXT-001","runtime and model identity","expected_vector_dimension","384","dimensions","observed","No","","The expected vector dimension remained unchanged.",".local/ai-feasibility-spike/results/segmentation-context-fit/SEG-BLOCK-AWARE-CONTEXT-FIT-002/run-20260727-024410Z/context-fit-summary.json","Project team","Each accepted response was checked against this dimension."
"MR-SEG-CONTEXT-001-05","TR-SEG-CONTEXT-001","targeted correction identity","parent_chunk_id","CH-FX-DOCX-006-001","identifier","observed","No","","The correction targets the previously rejected parent chunk.",".local/ai-feasibility-spike/results/segmentation-context-fit/SEG-BLOCK-AWARE-CONTEXT-FIT-002/run-20260727-024410Z/context-fit-summary.json","Project team","Fixture FX-DOCX-006; source version SV-FX-DOCX-006-001."
"MR-SEG-CONTEXT-001-06","TR-SEG-CONTEXT-001","probe completion","intended_child_count","2","children","observed","No","","Exactly two proposed child inputs were defined.",".local/ai-feasibility-spike/results/segmentation-context-fit/SEG-BLOCK-AWARE-CONTEXT-FIT-002/run-20260727-024410Z/input-manifest.csv","Project team","The probe did not expand to the complete corpus."
"MR-SEG-CONTEXT-001-07","TR-SEG-CONTEXT-001","probe completion","attempted_child_count","2","children","passed","Yes","Yes","Every intended child received one request.",".local/ai-feasibility-spike/results/segmentation-context-fit/SEG-BLOCK-AWARE-CONTEXT-FIT-002/run-20260727-024410Z/context-fit-results.csv","Project team","No proposed child was silently omitted."
"MR-SEG-CONTEXT-001-08","TR-SEG-CONTEXT-001","probe outcome","accepted_child_count","2","children","passed","Yes","Yes","Both proposed children were accepted.",".local/ai-feasibility-spike/results/segmentation-context-fit/SEG-BLOCK-AWARE-CONTEXT-FIT-002/run-20260727-024410Z/context-fit-results.csv","Project team","Each accepted result passed response validation."
"MR-SEG-CONTEXT-001-09","TR-SEG-CONTEXT-001","probe outcome","rejected_child_count","0","children","passed","Yes","Yes","No proposed child was rejected.",".local/ai-feasibility-spike/results/segmentation-context-fit/SEG-BLOCK-AWARE-CONTEXT-FIT-002/run-20260727-024410Z/context-fit-summary.json","Project team","The targeted context-length problem was not reproduced."
"MR-SEG-CONTEXT-001-10","TR-SEG-CONTEXT-001","probe outcome","invalid_response_count","0","responses","passed","Yes","Yes","No malformed response was observed.",".local/ai-feasibility-spike/results/segmentation-context-fit/SEG-BLOCK-AWARE-CONTEXT-FIT-002/run-20260727-024410Z/context-fit-summary.json","Project team","Both responses contained one valid vector."
"MR-SEG-CONTEXT-001-11","TR-SEG-CONTEXT-001","child input identity","child_a_character_count","818","characters","observed","No","","Character count for TARGET-CHILD-A.",".local/ai-feasibility-spike/results/segmentation-context-fit/SEG-BLOCK-AWARE-CONTEXT-FIT-002/run-20260727-024410Z/input-manifest.csv","Project team","Child A covers source blocks 1 through 6."
"MR-SEG-CONTEXT-001-12","TR-SEG-CONTEXT-001","child input identity","child_b_character_count","359","characters","observed","No","","Character count for TARGET-CHILD-B.",".local/ai-feasibility-spike/results/segmentation-context-fit/SEG-BLOCK-AWARE-CONTEXT-FIT-002/run-20260727-024410Z/input-manifest.csv","Project team","Child B covers source blocks 7 through 8."
"MR-SEG-CONTEXT-001-13","TR-SEG-CONTEXT-001","child locator preservation","child_a_locator","Paragraph 1 to Paragraph 7","locator","reviewed","No","","The first child preserves the reviewed DOCX paragraph range.",".local/ai-feasibility-spike/results/segmentation-context-fit/SEG-BLOCK-AWARE-CONTEXT-FIT-002/run-20260727-024410Z/input-manifest.csv","Project team","The In-Scope heading remains with its explanation."
"MR-SEG-CONTEXT-001-14","TR-SEG-CONTEXT-001","child locator preservation","child_b_locator","Paragraph 8 to Paragraph 9","locator","reviewed","No","","The second child preserves the reviewed DOCX paragraph range.",".local/ai-feasibility-spike/results/segmentation-context-fit/SEG-BLOCK-AWARE-CONTEXT-FIT-002/run-20260727-024410Z/input-manifest.csv","Project team","The Out-of-Scope heading remains with its explanation."
"MR-SEG-CONTEXT-001-15","TR-SEG-CONTEXT-001","child source coverage","child_a_source_block_indexes","1;2;3;4;5;6","source blocks","reviewed","No","","The first child preserves the intended ordered source blocks.",".local/ai-feasibility-spike/results/segmentation-context-fit/SEG-BLOCK-AWARE-CONTEXT-FIT-002/run-20260727-024410Z/input-manifest.csv","Project team","No overlap-setting change was introduced."
"MR-SEG-CONTEXT-001-16","TR-SEG-CONTEXT-001","child source coverage","child_b_source_block_indexes","7;8","source blocks","reviewed","No","","The second child preserves the remaining ordered source blocks.",".local/ai-feasibility-spike/results/segmentation-context-fit/SEG-BLOCK-AWARE-CONTEXT-FIT-002/run-20260727-024410Z/input-manifest.csv","Project team","The two children cover the targeted parent without source-block overlap."
"MR-SEG-CONTEXT-001-17","TR-SEG-CONTEXT-001","request guardrails","truncate_disabled_guardrail_pass","1","boolean","passed","Yes","Yes","Both requests used truncate=false.",".local/ai-feasibility-spike/results/segmentation-context-fit/SEG-BLOCK-AWARE-CONTEXT-FIT-002/run-20260727-024410Z/context-fit-results.csv","Project team","No content was silently truncated."
"MR-SEG-CONTEXT-001-18","TR-SEG-CONTEXT-001","probe outcome","http_200_result_count","2","responses","passed","Yes","Yes","Both requests completed with HTTP 200.",".local/ai-feasibility-spike/results/segmentation-context-fit/SEG-BLOCK-AWARE-CONTEXT-FIT-002/run-20260727-024410Z/context-fit-results.csv","Project team","No transport or request rejection occurred."
"MR-SEG-CONTEXT-001-19","TR-SEG-CONTEXT-001","vector validation","finite_384_dimension_result_count","2","vectors","passed","Yes","Yes","Both returned vectors had 384 finite values.",".local/ai-feasibility-spike/results/segmentation-context-fit/SEG-BLOCK-AWARE-CONTEXT-FIT-002/run-20260727-024410Z/context-fit-results.csv","Project team","Vectors were validated in memory."
"MR-SEG-CONTEXT-001-20","TR-SEG-CONTEXT-001","privacy and artifact handling","vectors_persisted_count","0","vectors","passed","Yes","Yes","No vector value was written to disk.",".local/ai-feasibility-spike/results/segmentation-context-fit/SEG-BLOCK-AWARE-CONTEXT-FIT-002/run-20260727-024410Z/context-fit-summary.json","Project team","Returned vectors were discarded immediately after validation."
"MR-SEG-CONTEXT-001-21","TR-SEG-CONTEXT-001","artifact boundary","complete_chunk_artifact_created","0","boolean","passed","Yes","Yes","The targeted probe did not create the corrected corpus.",".local/ai-feasibility-spike/results/segmentation-context-fit/SEG-BLOCK-AWARE-CONTEXT-FIT-002/run-20260727-024410Z/context-fit-summary.json","Project team","Complete artifact generation remains a separate reviewed step."
"MR-SEG-CONTEXT-001-22","TR-SEG-CONTEXT-001","artifact boundary","expected_later_complete_chunk_count","102","chunks","observed","No","","Replacing one parent with two children would produce 102 chunks.",".local/ai-feasibility-spike/results/segmentation-context-fit/SEG-BLOCK-AWARE-CONTEXT-FIT-002/run-20260727-024410Z/context-fit-summary.json","Project team","This count remains pending deterministic artifact generation."
"MR-SEG-CONTEXT-001-23","TR-SEG-CONTEXT-001","evidence integrity","probe_complete_marker_guardrail_pass","1","boolean","passed","Yes","Yes","The run has the correct terminal completion marker.",".local/ai-feasibility-spike/results/segmentation-context-fit/SEG-BLOCK-AWARE-CONTEXT-FIT-002/run-20260727-024410Z/PROBE_COMPLETE.marker","Project team","PARTIAL.marker and FAILED.marker are absent."
"MR-SEG-CONTEXT-001-24","TR-SEG-CONTEXT-001","evidence integrity","artifact_manifest_guardrail_pass","1","boolean","passed","Yes","Yes","All four manifest entries matched their files, sizes, and hashes.",".local/ai-feasibility-spike/results/segmentation-context-fit/SEG-BLOCK-AWARE-CONTEXT-FIT-002/run-20260727-024410Z/artifact-manifest.csv","Project team","The completion marker is intentionally outside the artifact manifest."
"MR-SEG-CONTEXT-001-25","TR-SEG-CONTEXT-001","candidate readiness","candidate_full_corpus_ready","0","boolean","accepted limitation","Yes","","The new segmentation candidate has not produced or embedded the complete corrected corpus.",".local/ai-feasibility-spike/results/segmentation-context-fit/SEG-BLOCK-AWARE-CONTEXT-FIT-002/run-20260727-024410Z/context-fit-summary.json","Project team","Deterministic artifact generation and a fresh full-corpus embedding run remain mandatory."
"MR-SEG-CONTEXT-001-26","TR-SEG-CONTEXT-001","retrieval boundary","retrieval_unauthorized_guardrail_pass","1","boolean","passed","Yes","Yes","Retrieval remains unauthorized after this narrow probe.",".local/ai-feasibility-spike/results/segmentation-context-fit/SEG-BLOCK-AWARE-CONTEXT-FIT-002/run-20260727-024410Z/context-fit-summary.json","Project team","PHP cosine and scored retrieval remain blocked."
"MR-SEG-CORPUS-002-01","TR-SEG-CORPUS-002","corrected corpus generation","source_chunk_count","101","chunks","observed","No","","The value is a measured observation and is not independently a pass/fail decision.",".local\ai-feasibility-spike\results\chunking\SEG-BLOCK-AWARE-CONTEXT-FIT-002\run-20260727-162201Z\generation-summary.json","Project team","Local feasibility-spike evidence; no final candidate, persistent storage, schema, commit, or push decision."
"MR-SEG-CORPUS-002-02","TR-SEG-CORPUS-002","corrected corpus generation","output_chunk_count","102","chunks","passed","Yes","Yes","The recorded result met the applicable checkpoint guardrail.",".local\ai-feasibility-spike\results\chunking\SEG-BLOCK-AWARE-CONTEXT-FIT-002\run-20260727-162201Z\generation-summary.json","Project team","Local feasibility-spike evidence; no final candidate, persistent storage, schema, commit, or push decision."
"MR-SEG-CORPUS-002-03","TR-SEG-CORPUS-002","corrected corpus generation","preserved_non_parent_chunks","100","chunks","passed","Yes","Yes","The recorded result met the applicable checkpoint guardrail.",".local\ai-feasibility-spike\results\chunking\SEG-BLOCK-AWARE-CONTEXT-FIT-002\run-20260727-162201Z\generation-summary.json","Project team","Local feasibility-spike evidence; no final candidate, persistent storage, schema, commit, or push decision."
"MR-SEG-CORPUS-002-04","TR-SEG-CORPUS-002","corrected corpus generation","complete_artifact_created","1","boolean","passed","Yes","Yes","The recorded result met the applicable checkpoint guardrail.",".local\ai-feasibility-spike\results\chunking\SEG-BLOCK-AWARE-CONTEXT-FIT-002\run-20260727-162201Z\generation-summary.json","Project team","Local feasibility-spike evidence; no final candidate, persistent storage, schema, commit, or push decision."
"MR-EMB-FULL-002-01","TR-EMB-FULL-002","full-corpus embedding","attempted_chunk_count","102","chunks","passed","Yes","Yes","The recorded result met the applicable checkpoint guardrail.",".local\ai-feasibility-spike\results\embeddings\EMB-OLLAMA-ALL-MINILM-001\run-20260727-163706Z\run-summary.json","Project team","Local feasibility-spike evidence; no final candidate, persistent storage, schema, commit, or push decision."
"MR-EMB-FULL-002-02","TR-EMB-FULL-002","full-corpus embedding","accepted_vector_count","102","vectors","passed","Yes","Yes","The recorded result met the applicable checkpoint guardrail.",".local\ai-feasibility-spike\results\embeddings\EMB-OLLAMA-ALL-MINILM-001\run-20260727-163706Z\run-summary.json","Project team","Local feasibility-spike evidence; no final candidate, persistent storage, schema, commit, or push decision."
"MR-EMB-FULL-002-03","TR-EMB-FULL-002","full-corpus embedding","failed_chunk_count","0","chunks","passed","Yes","Yes","The recorded result met the applicable checkpoint guardrail.",".local\ai-feasibility-spike\results\embeddings\EMB-OLLAMA-ALL-MINILM-001\run-20260727-163706Z\run-summary.json","Project team","Local feasibility-spike evidence; no final candidate, persistent storage, schema, commit, or push decision."
"MR-EMB-FULL-002-04","TR-EMB-FULL-002","full-corpus embedding","silent_omission_count","0","chunks","passed","Yes","Yes","The recorded result met the applicable checkpoint guardrail.",".local\ai-feasibility-spike\results\embeddings\EMB-OLLAMA-ALL-MINILM-001\run-20260727-163706Z\run-summary.json","Project team","Local feasibility-spike evidence; no final candidate, persistent storage, schema, commit, or push decision."
"MR-EMB-FULL-002-05","TR-EMB-FULL-002","full-corpus embedding","embedding_dimension","384","dimensions","passed","Yes","Yes","The recorded result met the applicable checkpoint guardrail.",".local\ai-feasibility-spike\results\embeddings\EMB-OLLAMA-ALL-MINILM-001\run-20260727-163706Z\run-summary.json","Project team","Local feasibility-spike evidence; no final candidate, persistent storage, schema, commit, or push decision."
"MR-EMB-FULL-002-06","TR-EMB-FULL-002","full-corpus embedding","full_corpus_wall_elapsed_ms","16971.5375","milliseconds","observed","No","","The value is a measured observation and is not independently a pass/fail decision.",".local\ai-feasibility-spike\results\embeddings\EMB-OLLAMA-ALL-MINILM-001\run-20260727-163706Z\run-summary.json","Project team","Local feasibility-spike evidence; no final candidate, persistent storage, schema, commit, or push decision."
"MR-EMB-FULL-002-07","TR-EMB-FULL-002","full-corpus embedding","per_chunk_elapsed_median_ms","137.22245","milliseconds","observed","No","","The value is a measured observation and is not independently a pass/fail decision.",".local\ai-feasibility-spike\results\embeddings\EMB-OLLAMA-ALL-MINILM-001\run-20260727-163706Z\run-summary.json","Project team","Local feasibility-spike evidence; no final candidate, persistent storage, schema, commit, or push decision."
"MR-EMB-FULL-002-08","TR-EMB-FULL-002","full-corpus embedding","candidate_full_corpus_ready","1","boolean","passed","Yes","Yes","The recorded result met the applicable checkpoint guardrail.",".local\ai-feasibility-spike\results\embeddings\EMB-OLLAMA-ALL-MINILM-001\run-20260727-163706Z\run-summary.json","Project team","Local feasibility-spike evidence; no final candidate, persistent storage, schema, commit, or push decision."
"MR-SIM-PHP-COSINE-001-01","TR-SIM-PHP-COSINE-001","cosine correctness and timing","ordered_pair_count","10404","pairs","passed","Yes","Yes","The recorded result met the applicable checkpoint guardrail.",".local\ai-feasibility-spike\results\cosine\SIM-PHP-COSINE-001\run-20260728-134717Z\checkpoint-summary.json","Project team","Local feasibility-spike evidence; no final candidate, persistent storage, schema, commit, or push decision."
"MR-SIM-PHP-COSINE-001-02","TR-SIM-PHP-COSINE-001","cosine correctness and timing","maximum_reference_error","0","absolute cosine error","passed","Yes","Yes","The recorded result met the applicable checkpoint guardrail.",".local\ai-feasibility-spike\results\cosine\SIM-PHP-COSINE-001\run-20260728-134717Z\checkpoint-summary.json","Project team","Local feasibility-spike evidence; no final candidate, persistent storage, schema, commit, or push decision."
"MR-SIM-PHP-COSINE-001-03","TR-SIM-PHP-COSINE-001","cosine correctness and timing","invalid_cases_rejected","5","cases","passed","Yes","Yes","The recorded result met the applicable checkpoint guardrail.",".local\ai-feasibility-spike\results\cosine\SIM-PHP-COSINE-001\run-20260728-134717Z\checkpoint-summary.json","Project team","Local feasibility-spike evidence; no final candidate, persistent storage, schema, commit, or push decision."
"MR-SIM-PHP-COSINE-001-04","TR-SIM-PHP-COSINE-001","cosine correctness and timing","total_vector_only_median_ms","35.466250","milliseconds","passed","Yes","Yes","The recorded result met the applicable checkpoint guardrail.",".local\ai-feasibility-spike\results\cosine\SIM-PHP-COSINE-001\run-20260728-134717Z\checkpoint-summary.json","Project team","Local feasibility-spike evidence; no final candidate, persistent storage, schema, commit, or push decision."
"MR-SIM-PHP-COSINE-001-05","TR-SIM-PHP-COSINE-001","cosine correctness and timing","total_vector_only_p90_ms","65.072930","milliseconds","passed","Yes","Yes","The recorded result met the applicable checkpoint guardrail.",".local\ai-feasibility-spike\results\cosine\SIM-PHP-COSINE-001\run-20260728-134717Z\checkpoint-summary.json","Project team","Local feasibility-spike evidence; no final candidate, persistent storage, schema, commit, or push decision."
"MR-RET-SEMANTIC-001-01","TR-RET-SEMANTIC-001","standalone retrieval","executed_query_count","55","queries","passed","Yes","Yes","The recorded result met the applicable checkpoint guardrail.",".local\ai-feasibility-spike\results\retrieval\RET-SEMANTIC-STANDALONE-001\run-20260728-151543Z\run-summary.json","Project team","Original scored-run measurement; later versioned evaluation is registered separately and does not overwrite this value."
"MR-RET-SEMANTIC-001-02","TR-RET-SEMANTIC-001","standalone retrieval","failed_query_count","0","queries","passed","Yes","Yes","The recorded result met the applicable checkpoint guardrail.",".local\ai-feasibility-spike\results\retrieval\RET-SEMANTIC-STANDALONE-001\run-20260728-151543Z\run-summary.json","Project team","Original scored-run measurement; later versioned evaluation is registered separately and does not overwrite this value."
"MR-RET-SEMANTIC-001-03","TR-RET-SEMANTIC-001","standalone retrieval","expected_resource_top5_rate","1.0000","rate","passed","Yes","Yes","The recorded result met the applicable checkpoint guardrail.",".local\ai-feasibility-spike\results\retrieval\RET-SEMANTIC-STANDALONE-001\run-20260728-151543Z\run-summary.json","Project team","Original scored-run measurement; later versioned evaluation is registered separately and does not overwrite this value."
"MR-RET-SEMANTIC-001-04","TR-RET-SEMANTIC-001","standalone retrieval","original_expected_passage_top5_rate","0.9200","rate","passed","Yes","Yes","The recorded result met the applicable checkpoint guardrail.",".local\ai-feasibility-spike\results\retrieval\RET-SEMANTIC-STANDALONE-001\run-20260728-151543Z\run-summary.json","Project team","Original scored-run measurement; later versioned evaluation is registered separately and does not overwrite this value."
"MR-RET-SEMANTIC-001-05","TR-RET-SEMANTIC-001","standalone retrieval","predeclared_misleading_fixture_top3_rate","0.2500","rate","accepted limitation","Yes","No","The recorded result did not meet the quality criterion and remains preserved as an accepted limitation.",".local\ai-feasibility-spike\results\retrieval\RET-SEMANTIC-STANDALONE-001\run-20260728-151543Z\run-summary.json","Project team","Original scored-run measurement; later versioned evaluation is registered separately and does not overwrite this value."
"MR-RET-SEMANTIC-001-06","TR-RET-SEMANTIC-001","standalone retrieval","median_positive_isolated_latency_ms","106.099","milliseconds","passed","Yes","Yes","The recorded result met the applicable checkpoint guardrail.",".local\ai-feasibility-spike\results\retrieval\RET-SEMANTIC-STANDALONE-001\run-20260728-151543Z\run-summary.json","Project team","Original scored-run measurement; later versioned evaluation is registered separately and does not overwrite this value."
"MR-RET-SEMANTIC-001-07","TR-RET-SEMANTIC-001","standalone retrieval","positive_runs_within_5_seconds_rate","1.0000","rate","passed","Yes","Yes","The recorded result met the applicable checkpoint guardrail.",".local\ai-feasibility-spike\results\retrieval\RET-SEMANTIC-STANDALONE-001\run-20260728-151543Z\run-summary.json","Project team","Original scored-run measurement; later versioned evaluation is registered separately and does not overwrite this value."
"MR-RET-SEMANTIC-001-08","TR-RET-SEMANTIC-001","standalone retrieval","metadata_fallback_rate","1.0000","rate","passed","Yes","Yes","The recorded result met the applicable checkpoint guardrail.",".local\ai-feasibility-spike\results\retrieval\RET-SEMANTIC-STANDALONE-001\run-20260728-151543Z\run-summary.json","Project team","Original scored-run measurement; later versioned evaluation is registered separately and does not overwrite this value."
"MR-RET-SEMANTIC-001-09","TR-RET-SEMANTIC-001","standalone retrieval","explicit_filter_correctness_rate","1.0000","rate","passed","Yes","Yes","The recorded result met the applicable checkpoint guardrail.",".local\ai-feasibility-spike\results\retrieval\RET-SEMANTIC-STANDALONE-001\run-20260728-151543Z\run-summary.json","Project team","Original scored-run measurement; later versioned evaluation is registered separately and does not overwrite this value."
"MR-RET-SEMANTIC-001-10","TR-RET-SEMANTIC-001","standalone retrieval","original_semantic_value_when_metadata_misses","0.3333","rate","accepted limitation","Yes","No","The recorded result did not meet the quality criterion and remains preserved as an accepted limitation.",".local\ai-feasibility-spike\results\retrieval\RET-SEMANTIC-STANDALONE-001\run-20260728-151543Z\run-summary.json","Project team","Original scored-run measurement; later versioned evaluation is registered separately and does not overwrite this value."
"MR-RET-MANUAL-REVIEW-001-01","TR-RET-MANUAL-REVIEW-001","manual relevance review","completed_review_count","10","queries","passed","Yes","Yes","The recorded result met the applicable checkpoint guardrail.",".local\ai-feasibility-spike\tools\bpc-learnshare-manual-review-decisions-audit-v1\MANUAL_REVIEW_DECISIONS_after_Q-SEM-005.csv","Project team","Manual adjudication evidence only; no retrieval rerun, threshold change, or silent ground-truth change."
"MR-RET-MANUAL-REVIEW-001-02","TR-RET-MANUAL-REVIEW-001","manual relevance review","useful_or_partially_useful_count","10","queries","reviewed","No","","The value was independently reviewed and is retained as reviewer judgment.",".local\ai-feasibility-spike\tools\bpc-learnshare-manual-review-decisions-audit-v1\MANUAL_REVIEW_DECISIONS_after_Q-SEM-005.csv","Project team","Manual adjudication evidence only; no retrieval rerun, threshold change, or silent ground-truth change."
"MR-RET-MANUAL-REVIEW-001-03","TR-RET-MANUAL-REVIEW-001","manual relevance review","manually_confirmed_misleading_count","0","queries","reviewed","No","","The value was independently reviewed and is retained as reviewer judgment.",".local\ai-feasibility-spike\tools\bpc-learnshare-manual-review-decisions-audit-v1\MANUAL_REVIEW_DECISIONS_after_Q-SEM-005.csv","Project team","Manual adjudication evidence only; no retrieval rerun, threshold change, or silent ground-truth change."
"MR-RET-MANUAL-REVIEW-001-04","TR-RET-MANUAL-REVIEW-001","manual relevance review","incomplete_ground_truth_count","2","queries","reviewed","No","","The value was independently reviewed and is retained as reviewer judgment.",".local\ai-feasibility-spike\tools\bpc-learnshare-manual-review-decisions-audit-v1\MANUAL_REVIEW_DECISIONS_after_Q-SEM-005.csv","Project team","Manual adjudication evidence only; no retrieval rerun, threshold change, or silent ground-truth change."
"MR-RET-GT-V2-001-01","TR-RET-GT-V2-001","versioned ground-truth evaluation","corrected_expected_evidence_row_count","150","rows","passed","Yes","Yes","The recorded result met the applicable checkpoint guardrail.",".local\ai-feasibility-spike\results\retrieval-evaluation\EVAL-RET-SEMANTIC-GT-V2-001\run-20260730-143830Z\evaluation-summary.json","Project team","Corrected-ground-truth evaluation only; rankings and original run remain unchanged; no final candidate or integration decision."
"MR-RET-GT-V2-001-02","TR-RET-GT-V2-001","versioned ground-truth evaluation","saved_query_vectors_reranked","55","queries","passed","Yes","Yes","The recorded result met the applicable checkpoint guardrail.",".local\ai-feasibility-spike\results\retrieval-evaluation\EVAL-RET-SEMANTIC-GT-V2-001\run-20260730-143830Z\evaluation-summary.json","Project team","Corrected-ground-truth evaluation only; rankings and original run remain unchanged; no final candidate or integration decision."
"MR-RET-GT-V2-001-03","TR-RET-GT-V2-001","versioned ground-truth evaluation","cosine_comparisons","5231","comparisons","passed","Yes","Yes","The recorded result met the applicable checkpoint guardrail.",".local\ai-feasibility-spike\results\retrieval-evaluation\EVAL-RET-SEMANTIC-GT-V2-001\run-20260730-143830Z\evaluation-summary.json","Project team","Corrected-ground-truth evaluation only; rankings and original run remain unchanged; no final candidate or integration decision."
"MR-RET-GT-V2-001-04","TR-RET-GT-V2-001","versioned ground-truth evaluation","top_five_rankings_unchanged","1","boolean","passed","Yes","Yes","The recorded result met the applicable checkpoint guardrail.",".local\ai-feasibility-spike\results\retrieval-evaluation\EVAL-RET-SEMANTIC-GT-V2-001\run-20260730-143830Z\evaluation-summary.json","Project team","Corrected-ground-truth evaluation only; rankings and original run remain unchanged; no final candidate or integration decision."
"MR-RET-GT-V2-001-05","TR-RET-GT-V2-001","versioned ground-truth evaluation","corrected_expected_passage_top5_rate","0.9600","rate","passed","Yes","Yes","The recorded result met the applicable checkpoint guardrail.",".local\ai-feasibility-spike\results\retrieval-evaluation\EVAL-RET-SEMANTIC-GT-V2-001\run-20260730-143830Z\evaluation-summary.json","Project team","Corrected-ground-truth evaluation only; rankings and original run remain unchanged; no final candidate or integration decision."
"MR-RET-GT-V2-001-06","TR-RET-GT-V2-001","versioned ground-truth evaluation","corrected_semantic_value_when_metadata_misses","1.0000","rate","passed","Yes","Yes","The recorded result met the applicable checkpoint guardrail.",".local\ai-feasibility-spike\results\retrieval-evaluation\EVAL-RET-SEMANTIC-GT-V2-001\run-20260730-143830Z\evaluation-summary.json","Project team","Corrected-ground-truth evaluation only; rankings and original run remain unchanged; no final candidate or integration decision."
"MR-RET-GT-V2-001-07","TR-RET-GT-V2-001","versioned ground-truth evaluation","new_embedding_request_count","0","requests","passed","Yes","Yes","The recorded result met the applicable checkpoint guardrail.",".local\ai-feasibility-spike\results\retrieval-evaluation\EVAL-RET-SEMANTIC-GT-V2-001\run-20260730-143830Z\evaluation-summary.json","Project team","Corrected-ground-truth evaluation only; rankings and original run remain unchanged; no final candidate or integration decision."
"MR-RET-GT-V2-001-08","TR-RET-GT-V2-001","versioned ground-truth evaluation","independent_audit_pass","1","boolean","passed","Yes","Yes","The recorded result met the applicable checkpoint guardrail.",".local\ai-feasibility-spike\results\retrieval-evaluation-audits\EVAL-RET-SEMANTIC-GT-V2-001\run-20260730-143830Z\audit-v1\audit-summary.json","Project team","Corrected-ground-truth evaluation only; rankings and original run remain unchanged; no final candidate or integration decision."
"MR-GEN-LOCAL-QWEN3-001-01","TR-GEN-LOCAL-QWEN3-001","local generation execution","completed_cases","5","cases","passed","Yes","Yes","All five planned synthetic cases returned structurally complete HTTP responses.",".local\ai-feasibility-spike\results\generation\GEN-OLLAMA-QWEN3-4B-001\run-20260801-154837Z\run-summary.json","Project team","Synthetic non-project preflight only; no final candidate, integration, schema, commit, or push decision."
"MR-GEN-LOCAL-QWEN3-001-02","TR-GEN-LOCAL-QWEN3-001","local generation execution","failed_requests","0","requests","passed","Yes","Yes","No request failed at the transport or runtime-completion level.",".local\ai-feasibility-spike\results\generation\GEN-OLLAMA-QWEN3-4B-001\run-20260801-154837Z\run-summary.json","Project team","Synthetic non-project preflight only; no final candidate, integration, schema, commit, or push decision."
"MR-GEN-LOCAL-QWEN3-001-03","TR-GEN-LOCAL-QWEN3-001","local generation quality","automated_quality_checks_met","0","cases out of 5","accepted limitation","Yes","No","None of the five outputs met every fixed automated quality rule.",".local\ai-feasibility-spike\results\generation\GEN-OLLAMA-QWEN3-4B-001\run-20260801-154837Z\run-summary.json","Project team","The failure remains valid evidence and was not repaired by changing prompts or thresholds."
"MR-GEN-LOCAL-QWEN3-001-04","TR-GEN-LOCAL-QWEN3-001","local generation manual review","manually_useful_as_is_cases","0","cases out of 5","reviewed","Yes","No","Manual review found no complete user-facing answer useful as-is because visible reasoning consumed the output and each response was truncated.",".local\ai-feasibility-spike\results\generation\GEN-OLLAMA-QWEN3-4B-001\run-20260801-154837Z\responses.jsonl","Project team","Saved outputs were reviewed without modifying the original evidence."
"MR-GEN-LOCAL-QWEN3-001-05","TR-GEN-LOCAL-QWEN3-001","local generation latency","median_case_elapsed_ms","72391.2173","milliseconds","accepted limitation","Yes","No","The median exceeded the 30-second viable-interactive threshold.",".local\ai-feasibility-spike\results\generation\GEN-OLLAMA-QWEN3-4B-001\run-20260801-154837Z\run-summary.json","Project team","Synthetic non-project preflight only; no final candidate, integration, schema, commit, or push decision."
"MR-GEN-LOCAL-QWEN3-001-06","TR-GEN-LOCAL-QWEN3-001","local generation latency","p90_case_elapsed_ms","73240.1220","milliseconds","observed","No","","The nearest-rank p90 is retained as a measured observation.",".local\ai-feasibility-spike\results\generation\GEN-OLLAMA-QWEN3-4B-001\run-20260801-154837Z\run-summary.json","Project team","Synthetic non-project preflight only; no final candidate, integration, schema, commit, or push decision."
"MR-GEN-LOCAL-QWEN3-001-07","TR-GEN-LOCAL-QWEN3-001","local generation latency","cases_within_60_seconds","0","cases out of 5","accepted limitation","Yes","No","The run did not meet the requirement for at least 90% of cases within 60 seconds.",".local\ai-feasibility-spike\results\generation\GEN-OLLAMA-QWEN3-4B-001\run-20260801-154837Z\run-summary.json","Project team","Synthetic non-project preflight only; no final candidate, integration, schema, commit, or push decision."
"MR-GEN-LOCAL-QWEN3-001-08","TR-GEN-LOCAL-QWEN3-001","local generation completion quality","output_limit_hits","5","cases","accepted limitation","Yes","No","Every synthetic output reached the configured 256-token limit.",".local\ai-feasibility-spike\results\generation\GEN-OLLAMA-QWEN3-4B-001\run-20260801-154837Z\run-summary.json","Project team","The complete run remains preserved; no automatic retry or higher limit was used."
"MR-GEN-LOCAL-QWEN3-001-09","TR-GEN-LOCAL-QWEN3-001","local generation reasoning boundary","visible_internal_reasoning_cases","5","cases","accepted limitation","Yes","No","All five visible outputs contained internal analysis instead of only the requested user-facing answer.",".local\ai-feasibility-spike\results\generation\GEN-OLLAMA-QWEN3-4B-001\run-20260801-154837Z\responses.jsonl","Project team","The response thinking field was empty, so the review used the actual visible output text."
"MR-GEN-LOCAL-QWEN3-001-10","TR-GEN-LOCAL-QWEN3-001","local generation cold probe","exact_instruction_pass","False","boolean","accepted limitation","Yes","No","The cold probe did not return only RUNTIME_READY.",".local\ai-feasibility-spike\results\generation\GEN-OLLAMA-QWEN3-4B-001\run-20260801-154837Z\run-summary.json","Project team","Synthetic non-project preflight only; no final candidate, integration, schema, commit, or push decision."
"MR-GEN-LOCAL-QWEN3-001-11","TR-GEN-LOCAL-QWEN3-001","local generation cold probe","cold_probe_elapsed_ms","76783.8734","milliseconds","observed","No","","Cold-probe elapsed time including model load.",".local\ai-feasibility-spike\results\generation\GEN-OLLAMA-QWEN3-4B-001\run-20260801-154837Z\run-summary.json","Project team","Synthetic non-project preflight only; no final candidate, integration, schema, commit, or push decision."
"MR-GEN-LOCAL-QWEN3-001-12","TR-GEN-LOCAL-QWEN3-001","content boundary","registered_query_transmitted","False","boolean","passed","Yes","Yes","No registered BPC evaluation query was transmitted.",".local\ai-feasibility-spike\results\generation\GEN-OLLAMA-QWEN3-4B-001\run-20260801-154837Z\run-summary.json","Project team","Synthetic non-project preflight only; no final candidate, integration, schema, commit, or push decision."
"MR-GEN-LOCAL-QWEN3-001-13","TR-GEN-LOCAL-QWEN3-001","content boundary","resource_text_transmitted","False","boolean","passed","Yes","Yes","No BPC resource text was transmitted.",".local\ai-feasibility-spike\results\generation\GEN-OLLAMA-QWEN3-4B-001\run-20260801-154837Z\run-summary.json","Project team","Synthetic non-project preflight only; no final candidate, integration, schema, commit, or push decision."
"MR-GEN-LOCAL-LLAMA32-001-01","TR-GEN-LOCAL-LLAMA32-001","local generation execution","completed_cases","5","cases","passed","Yes","Yes","All five planned synthetic cases returned structurally complete HTTP responses.",".local\ai-feasibility-spike\results\generation\GEN-OLLAMA-LLAMA32-3B-001\run-20260801-170850Z\run-summary.json","Project team","Synthetic non-project preflight only; no final candidate, integration, schema, commit, or push decision."
"MR-GEN-LOCAL-LLAMA32-001-02","TR-GEN-LOCAL-LLAMA32-001","local generation execution","failed_requests","0","requests","passed","Yes","Yes","No request failed at the transport or runtime-completion level.",".local\ai-feasibility-spike\results\generation\GEN-OLLAMA-LLAMA32-3B-001\run-20260801-170850Z\run-summary.json","Project team","Synthetic non-project preflight only; no final candidate, integration, schema, commit, or push decision."
"MR-GEN-LOCAL-LLAMA32-001-03","TR-GEN-LOCAL-LLAMA32-001","local generation quality","automated_quality_checks_met","5","cases out of 5","passed","Yes","Yes","All five outputs met every fixed automated quality rule.",".local\ai-feasibility-spike\results\generation\GEN-OLLAMA-LLAMA32-3B-001\run-20260801-170850Z\run-summary.json","Project team","Independent read-only reconciliation repeated the content and citation checks."
"MR-GEN-LOCAL-LLAMA32-001-04","TR-GEN-LOCAL-LLAMA32-001","local generation manual review","manually_useful_as_is_cases","5","cases out of 5","reviewed","Yes","Yes","Manual review found all five user-facing outputs concise, grounded, appropriately bounded, and useful as-is.",".local\ai-feasibility-spike\results\generation\GEN-OLLAMA-LLAMA32-3B-001\run-20260801-170850Z\responses.jsonl","Project team","Saved outputs were reviewed without modifying the original evidence."
"MR-GEN-LOCAL-LLAMA32-001-05","TR-GEN-LOCAL-LLAMA32-001","local generation latency","median_case_elapsed_ms","14738.3916","milliseconds","passed","Yes","Yes","The median met the 30-second viable-interactive threshold.",".local\ai-feasibility-spike\results\generation\GEN-OLLAMA-LLAMA32-3B-001\run-20260801-170850Z\run-summary.json","Project team","Synthetic non-project preflight only; no final candidate, integration, schema, commit, or push decision."
"MR-GEN-LOCAL-LLAMA32-001-06","TR-GEN-LOCAL-LLAMA32-001","local generation latency","p90_case_elapsed_ms","26596.7126","milliseconds","observed","No","","The nearest-rank p90 is retained as a measured observation.",".local\ai-feasibility-spike\results\generation\GEN-OLLAMA-LLAMA32-3B-001\run-20260801-170850Z\run-summary.json","Project team","Synthetic non-project preflight only; no final candidate, integration, schema, commit, or push decision."
"MR-GEN-LOCAL-LLAMA32-001-07","TR-GEN-LOCAL-LLAMA32-001","local generation latency","cases_within_60_seconds","5","cases out of 5","passed","Yes","Yes","All five cases completed within 60 seconds, exceeding the 90% requirement.",".local\ai-feasibility-spike\results\generation\GEN-OLLAMA-LLAMA32-3B-001\run-20260801-170850Z\run-summary.json","Project team","Synthetic non-project preflight only; no final candidate, integration, schema, commit, or push decision."
"MR-GEN-LOCAL-LLAMA32-001-08","TR-GEN-LOCAL-LLAMA32-001","local generation completion quality","output_limit_hits","0","cases","passed","Yes","Yes","No synthetic output reached the configured 256-token limit.",".local\ai-feasibility-spike\results\generation\GEN-OLLAMA-LLAMA32-3B-001\run-20260801-170850Z\run-summary.json","Project team","Synthetic non-project preflight only; no final candidate, integration, schema, commit, or push decision."
"MR-GEN-LOCAL-LLAMA32-001-09","TR-GEN-LOCAL-LLAMA32-001","local generation reasoning boundary","visible_internal_reasoning_cases","0","cases","passed","Yes","Yes","No visible output exposed internal analysis or hidden reasoning.",".local\ai-feasibility-spike\results\generation\GEN-OLLAMA-LLAMA32-3B-001\run-20260801-170850Z\responses.jsonl","Project team","The response thinking fields were also empty."
"MR-GEN-LOCAL-LLAMA32-001-10","TR-GEN-LOCAL-LLAMA32-001","local generation cold probe","exact_instruction_pass","True","boolean","passed","Yes","Yes","The cold probe returned exactly RUNTIME_READY.",".local\ai-feasibility-spike\results\generation\GEN-OLLAMA-LLAMA32-3B-001\run-20260801-170850Z\run-summary.json","Project team","Synthetic non-project preflight only; no final candidate, integration, schema, commit, or push decision."
"MR-GEN-LOCAL-LLAMA32-001-11","TR-GEN-LOCAL-LLAMA32-001","local generation cold probe","cold_probe_elapsed_ms","21775.2637","milliseconds","observed","No","","Cold-probe elapsed time including model load.",".local\ai-feasibility-spike\results\generation\GEN-OLLAMA-LLAMA32-3B-001\run-20260801-170850Z\run-summary.json","Project team","Synthetic non-project preflight only; no final candidate, integration, schema, commit, or push decision."
"MR-GEN-LOCAL-LLAMA32-001-12","TR-GEN-LOCAL-LLAMA32-001","content boundary","registered_query_transmitted","False","boolean","passed","Yes","Yes","No registered BPC evaluation query was transmitted.",".local\ai-feasibility-spike\results\generation\GEN-OLLAMA-LLAMA32-3B-001\run-20260801-170850Z\run-summary.json","Project team","Synthetic non-project preflight only; no final candidate, integration, schema, commit, or push decision."
"MR-GEN-LOCAL-LLAMA32-001-13","TR-GEN-LOCAL-LLAMA32-001","content boundary","resource_text_transmitted","False","boolean","passed","Yes","Yes","No BPC resource text was transmitted.",".local\ai-feasibility-spike\results\generation\GEN-OLLAMA-LLAMA32-3B-001\run-20260801-170850Z\run-summary.json","Project team","Synthetic non-project preflight only; no final candidate, integration, schema, commit, or push decision."
"MR-GEN-LOCAL-QWEN35-PREFLIGHT-002-01","TR-GEN-LOCAL-QWEN35-PREFLIGHT-002","local generation preflight","structured_contract_passed","True","boolean","passed","Yes","Yes","The synthetic JSON response met the fixed structured-output contract.",".local\ai-feasibility-spike\results\generation\GEN-OLLAMA-QWEN35-4B-PREFLIGHT-002\run-20260802-053053Z\preflight-summary.json","Project team","Synthetic non-corpus probe only."
"MR-GEN-LOCAL-QWEN35-PREFLIGHT-002-02","TR-GEN-LOCAL-QWEN35-PREFLIGHT-002","local generation preflight","source_label_guard_passed","True","boolean","passed","Yes","Yes","The response used only the supplied synthetic source label.",".local\ai-feasibility-spike\results\generation\GEN-OLLAMA-QWEN35-4B-PREFLIGHT-002\run-20260802-053053Z\preflight-summary.json","Project team","No registered query or BPC resource was used."
"MR-GEN-LOCAL-QWEN35-PREFLIGHT-002-03","TR-GEN-LOCAL-QWEN35-PREFLIGHT-002","local generation reasoning boundary","thinking_exposed","False","boolean","passed","Yes","Yes","No visible internal reasoning was exposed.",".local\ai-feasibility-spike\results\generation\GEN-OLLAMA-QWEN35-4B-PREFLIGHT-002\run-20260802-053053Z\preflight-summary.json","Project team","think=false."
"MR-GEN-LOCAL-QWEN35-PREFLIGHT-002-04","TR-GEN-LOCAL-QWEN35-PREFLIGHT-002","local generation completion quality","output_limit_hit","False","boolean","passed","Yes","Yes","The probe completed without reaching its configured output limit.",".local\ai-feasibility-spike\results\generation\GEN-OLLAMA-QWEN35-4B-PREFLIGHT-002\run-20260802-053053Z\preflight-summary.json","Project team","No automatic retry."
"MR-GEN-LOCAL-QWEN35-PREFLIGHT-002-05","TR-GEN-LOCAL-QWEN35-PREFLIGHT-002","local generation latency","elapsed_ms","21727.861","milliseconds","observed","No","","Guarded probe elapsed time including model activity.",".local\ai-feasibility-spike\results\generation\GEN-OLLAMA-QWEN35-4B-PREFLIGHT-002\run-20260802-053053Z\preflight-summary.json","Project team","Not a corpus-grounded quality verdict."
"MR-GEN-LOCAL-QWEN35-PREFLIGHT-002-06","TR-GEN-LOCAL-QWEN35-PREFLIGHT-002","local generation resources","available_ram_after_gb","3.204","GB","observed","No","","Available system RAM after the probe remained above the 0.75 GB guard.",".local\ai-feasibility-spike\results\generation\GEN-OLLAMA-QWEN35-4B-PREFLIGHT-002\run-20260802-053053Z\preflight-summary.json","Project team","Single-user local observation only."
"MR-GEN-LOCAL-QWEN35-PREFLIGHT-002-07","TR-GEN-LOCAL-QWEN35-PREFLIGHT-002","local generation resources","page_file_increase_mb","-1","MB","observed","No","","No material page-file increase was observed during the probe.",".local\ai-feasibility-spike\results\generation\GEN-OLLAMA-QWEN35-4B-PREFLIGHT-002\run-20260802-053053Z\preflight-summary.json","Project team","A negative delta reflects observation noise or release."
"MR-GEN-LOCAL-QWEN35-PREFLIGHT-002-08","TR-GEN-LOCAL-QWEN35-PREFLIGHT-002","content boundary","registered_query_transmitted","False","boolean","passed","Yes","Yes","No registered evaluation query was used by the synthetic probe.",".local\ai-feasibility-spike\results\generation\GEN-OLLAMA-QWEN35-4B-PREFLIGHT-002\run-20260802-053053Z\preflight-summary.json","Project team","Synthetic non-corpus probe only."
"MR-GEN-LOCAL-QWEN35-PREFLIGHT-002-09","TR-GEN-LOCAL-QWEN35-PREFLIGHT-002","decision boundary","final_candidate_selected","False","boolean","passed","Yes","Yes","The preflight did not select a final model or authorize integration.",".local\ai-feasibility-spike\results\generation\GEN-OLLAMA-QWEN35-4B-PREFLIGHT-002\run-20260802-053053Z\preflight-summary.json","Project team","Only fixed comparison progression was authorized."
"MR-GEN-GROUNDED-LLAMA32-CLAIMS-002-01","TR-GEN-GROUNDED-LLAMA32-CLAIMS-002","grounded generation execution","completed_cases","4","cases out of 4","passed","Yes","Yes","Every planned fixed case produced a saved response.",".local\ai-feasibility-spike\results\grounded-inquiry\GEN-GROUNDED-OLLAMA-LLAMA32-3B-CLAIMS-002\run-20260802-035633Z\run-summary.json","Project team","No automatic retry."
"MR-GEN-GROUNDED-LLAMA32-CLAIMS-002-02","TR-GEN-GROUNDED-LLAMA32-CLAIMS-002","grounded generation execution","failed_requests","0","requests","passed","Yes","Yes","No transport or runtime-completion failure occurred.",".local\ai-feasibility-spike\results\grounded-inquiry\GEN-GROUNDED-OLLAMA-LLAMA32-3B-CLAIMS-002\run-20260802-035633Z\run-summary.json","Project team","Quality misses remain separate evidence."
"MR-GEN-GROUNDED-LLAMA32-CLAIMS-002-03","TR-GEN-GROUNDED-LLAMA32-CLAIMS-002","grounded generation automated quality","automated_quality_checks_met","1","cases out of 4","accepted limitation","Yes","No","1/4 responses met every fixed automated rule.",".local\ai-feasibility-spike\results\grounded-inquiry\GEN-GROUNDED-OLLAMA-LLAMA32-3B-CLAIMS-002\run-20260802-035633Z\run-summary.json","Project team","Manual review did not rewrite the saved automated result."
"MR-GEN-GROUNDED-LLAMA32-CLAIMS-002-04","TR-GEN-GROUNDED-LLAMA32-CLAIMS-002","grounded generation manual review","manually_useful_as_is_cases","2","cases out of 4","reviewed","Yes","No","2/4 cases were useful as-is.",".local\ai-feasibility-spike\results\grounded-inquiry-manual-review\corrections-v2\run-20260802-035633Z--run-20260802-040246Z\manual-review-v1\manual-review.csv","Project team","Human judgment over preserved outputs."
"MR-GEN-GROUNDED-LLAMA32-CLAIMS-002-05","TR-GEN-GROUNDED-LLAMA32-CLAIMS-002","grounded generation manual review","manually_useful_after_light_edit_cases","1","cases out of 4","reviewed","Yes","No","1/4 cases were useful after only a light wording edit.",".local\ai-feasibility-spike\results\grounded-inquiry-manual-review\corrections-v2\run-20260802-035633Z--run-20260802-040246Z\manual-review-v1\manual-review.csv","Project team","Used with as-is count for the 80% usefulness criterion."
"MR-GEN-GROUNDED-LLAMA32-CLAIMS-002-06","TR-GEN-GROUNDED-LLAMA32-CLAIMS-002","grounded generation manual review","manually_partially_useful_cases","1","cases out of 4","reviewed","No","","1/4 cases were partially useful but not acceptable as-is.",".local\ai-feasibility-spike\results\grounded-inquiry-manual-review\corrections-v2\run-20260802-035633Z--run-20260802-040246Z\manual-review-v1\manual-review.csv","Project team","Preserved as qualitative evidence."
"MR-GEN-GROUNDED-LLAMA32-CLAIMS-002-07","TR-GEN-GROUNDED-LLAMA32-CLAIMS-002","grounded generation manual review","manually_not_useful_as_is_cases","0","cases out of 4","reviewed","No","","0/4 cases were not useful as-is.",".local\ai-feasibility-spike\results\grounded-inquiry-manual-review\corrections-v2\run-20260802-035633Z--run-20260802-040246Z\manual-review-v1\manual-review.csv","Project team","Preserved as qualitative evidence."
"MR-GEN-GROUNDED-LLAMA32-CLAIMS-002-08","TR-GEN-GROUNDED-LLAMA32-CLAIMS-002","grounded generation source contract","manual_grounded_contract_passes","2","cases out of 4","accepted limitation","Yes","No","2/4 cases fully met the manually reviewed grounding/source contract.",".local\ai-feasibility-spike\results\grounded-inquiry-manual-review\corrections-v2\run-20260802-035633Z--run-20260802-040246Z\manual-review-v1\manual-review.csv","Project team","No source-label or expected-behavior failure was silently reclassified."
"MR-GEN-GROUNDED-LLAMA32-CLAIMS-002-09","TR-GEN-GROUNDED-LLAMA32-CLAIMS-002","grounded generation latency","median_generation_ms","30170.2088","milliseconds","accepted limitation","Yes","No","Compared with the 30-second viable-local-interactive median criterion.",".local\ai-feasibility-spike\results\grounded-inquiry\GEN-GROUNDED-OLLAMA-LLAMA32-3B-CLAIMS-002\run-20260802-035633Z\run-summary.json","Project team","Single-user local run."
"MR-GEN-GROUNDED-LLAMA32-CLAIMS-002-10","TR-GEN-GROUNDED-LLAMA32-CLAIMS-002","grounded generation latency","p90_generation_ms","45660.6248","milliseconds","observed","No","","Nearest-rank p90 retained as an observation.",".local\ai-feasibility-spike\results\grounded-inquiry\GEN-GROUNDED-OLLAMA-LLAMA32-3B-CLAIMS-002\run-20260802-035633Z\run-summary.json","Project team","Small fixed stage sample."
"MR-GEN-GROUNDED-LLAMA32-CLAIMS-002-11","TR-GEN-GROUNDED-LLAMA32-CLAIMS-002","grounded generation latency","cases_within_60_seconds","4","cases out of 4","passed","Yes","Yes","4/4 cases completed within 60 seconds; accepted criterion requires at least 90%.",".local\ai-feasibility-spike\results\grounded-inquiry\GEN-GROUNDED-OLLAMA-LLAMA32-3B-CLAIMS-002\run-20260802-035633Z\run-summary.json","Project team","Single-user local run."
"MR-GEN-GROUNDED-LLAMA32-CLAIMS-002-12","TR-GEN-GROUNDED-LLAMA32-CLAIMS-002","grounded generation completion quality","output_limit_hits","0","cases","passed","Yes","Yes","0 response(s) reached the configured 400-token limit.",".local\ai-feasibility-spike\results\grounded-inquiry\GEN-GROUNDED-OLLAMA-LLAMA32-3B-CLAIMS-002\run-20260802-035633Z\run-summary.json","Project team","No automatic retry or silent token-limit increase."
"MR-GEN-GROUNDED-LLAMA32-DIVERSE-003-01","TR-GEN-GROUNDED-LLAMA32-DIVERSE-003","grounded generation execution","completed_cases","2","cases out of 2","passed","Yes","Yes","Every planned fixed case produced a saved response.",".local\ai-feasibility-spike\results\grounded-inquiry\GEN-GROUNDED-OLLAMA-LLAMA32-3B-DIVERSE-003\run-20260802-040246Z\run-summary.json","Project team","No automatic retry."
"MR-GEN-GROUNDED-LLAMA32-DIVERSE-003-02","TR-GEN-GROUNDED-LLAMA32-DIVERSE-003","grounded generation execution","failed_requests","0","requests","passed","Yes","Yes","No transport or runtime-completion failure occurred.",".local\ai-feasibility-spike\results\grounded-inquiry\GEN-GROUNDED-OLLAMA-LLAMA32-3B-DIVERSE-003\run-20260802-040246Z\run-summary.json","Project team","Quality misses remain separate evidence."
"MR-GEN-GROUNDED-LLAMA32-DIVERSE-003-03","TR-GEN-GROUNDED-LLAMA32-DIVERSE-003","grounded generation automated quality","automated_quality_checks_met","0","cases out of 2","accepted limitation","Yes","No","0/2 responses met every fixed automated rule.",".local\ai-feasibility-spike\results\grounded-inquiry\GEN-GROUNDED-OLLAMA-LLAMA32-3B-DIVERSE-003\run-20260802-040246Z\run-summary.json","Project team","Manual review did not rewrite the saved automated result."
"MR-GEN-GROUNDED-LLAMA32-DIVERSE-003-04","TR-GEN-GROUNDED-LLAMA32-DIVERSE-003","grounded generation manual review","manually_useful_as_is_cases","0","cases out of 2","reviewed","Yes","No","0/2 cases were useful as-is.",".local\ai-feasibility-spike\results\grounded-inquiry-manual-review\corrections-v2\run-20260802-035633Z--run-20260802-040246Z\manual-review-v1\manual-review.csv","Project team","Human judgment over preserved outputs."
"MR-GEN-GROUNDED-LLAMA32-DIVERSE-003-05","TR-GEN-GROUNDED-LLAMA32-DIVERSE-003","grounded generation manual review","manually_useful_after_light_edit_cases","0","cases out of 2","reviewed","Yes","No","0/2 cases were useful after only a light wording edit.",".local\ai-feasibility-spike\results\grounded-inquiry-manual-review\corrections-v2\run-20260802-035633Z--run-20260802-040246Z\manual-review-v1\manual-review.csv","Project team","Used with as-is count for the 80% usefulness criterion."
"MR-GEN-GROUNDED-LLAMA32-DIVERSE-003-06","TR-GEN-GROUNDED-LLAMA32-DIVERSE-003","grounded generation manual review","manually_partially_useful_cases","1","cases out of 2","reviewed","No","","1/2 cases were partially useful but not acceptable as-is.",".local\ai-feasibility-spike\results\grounded-inquiry-manual-review\corrections-v2\run-20260802-035633Z--run-20260802-040246Z\manual-review-v1\manual-review.csv","Project team","Preserved as qualitative evidence."
"MR-GEN-GROUNDED-LLAMA32-DIVERSE-003-07","TR-GEN-GROUNDED-LLAMA32-DIVERSE-003","grounded generation manual review","manually_not_useful_as_is_cases","1","cases out of 2","reviewed","No","","1/2 cases were not useful as-is.",".local\ai-feasibility-spike\results\grounded-inquiry-manual-review\corrections-v2\run-20260802-035633Z--run-20260802-040246Z\manual-review-v1\manual-review.csv","Project team","Preserved as qualitative evidence."
"MR-GEN-GROUNDED-LLAMA32-DIVERSE-003-08","TR-GEN-GROUNDED-LLAMA32-DIVERSE-003","grounded generation source contract","manual_grounded_contract_passes","0","cases out of 2","accepted limitation","Yes","No","0/2 cases fully met the manually reviewed grounding/source contract.",".local\ai-feasibility-spike\results\grounded-inquiry-manual-review\corrections-v2\run-20260802-035633Z--run-20260802-040246Z\manual-review-v1\manual-review.csv","Project team","No source-label or expected-behavior failure was silently reclassified."
"MR-GEN-GROUNDED-LLAMA32-DIVERSE-003-09","TR-GEN-GROUNDED-LLAMA32-DIVERSE-003","grounded generation latency","median_generation_ms","39635.3151","milliseconds","accepted limitation","Yes","No","Compared with the 30-second viable-local-interactive median criterion.",".local\ai-feasibility-spike\results\grounded-inquiry\GEN-GROUNDED-OLLAMA-LLAMA32-3B-DIVERSE-003\run-20260802-040246Z\run-summary.json","Project team","Single-user local run."
"MR-GEN-GROUNDED-LLAMA32-DIVERSE-003-10","TR-GEN-GROUNDED-LLAMA32-DIVERSE-003","grounded generation latency","p90_generation_ms","54596.0273","milliseconds","observed","No","","Nearest-rank p90 retained as an observation.",".local\ai-feasibility-spike\results\grounded-inquiry\GEN-GROUNDED-OLLAMA-LLAMA32-3B-DIVERSE-003\run-20260802-040246Z\run-summary.json","Project team","Small fixed stage sample."
"MR-GEN-GROUNDED-LLAMA32-DIVERSE-003-11","TR-GEN-GROUNDED-LLAMA32-DIVERSE-003","grounded generation latency","cases_within_60_seconds","2","cases out of 2","passed","Yes","Yes","2/2 cases completed within 60 seconds; accepted criterion requires at least 90%.",".local\ai-feasibility-spike\results\grounded-inquiry\GEN-GROUNDED-OLLAMA-LLAMA32-3B-DIVERSE-003\run-20260802-040246Z\run-summary.json","Project team","Single-user local run."
"MR-GEN-GROUNDED-LLAMA32-DIVERSE-003-12","TR-GEN-GROUNDED-LLAMA32-DIVERSE-003","grounded generation completion quality","output_limit_hits","0","cases","passed","Yes","Yes","0 response(s) reached the configured 400-token limit.",".local\ai-feasibility-spike\results\grounded-inquiry\GEN-GROUNDED-OLLAMA-LLAMA32-3B-DIVERSE-003\run-20260802-040246Z\run-summary.json","Project team","No automatic retry or silent token-limit increase."
"MR-GEN-GROUNDED-QWEN35-CLAIMS-004-01","TR-GEN-GROUNDED-QWEN35-CLAIMS-004","grounded generation execution","completed_cases","4","cases out of 4","passed","Yes","Yes","Every planned fixed case produced a saved response.",".local\ai-feasibility-spike\results\grounded-inquiry\GEN-GROUNDED-OLLAMA-QWEN35-4B-CLAIMS-004\run-20260802-053419Z\run-summary.json","Project team","No automatic retry."
"MR-GEN-GROUNDED-QWEN35-CLAIMS-004-02","TR-GEN-GROUNDED-QWEN35-CLAIMS-004","grounded generation execution","failed_requests","0","requests","passed","Yes","Yes","No transport or runtime-completion failure occurred.",".local\ai-feasibility-spike\results\grounded-inquiry\GEN-GROUNDED-OLLAMA-QWEN35-4B-CLAIMS-004\run-20260802-053419Z\run-summary.json","Project team","Quality misses remain separate evidence."
"MR-GEN-GROUNDED-QWEN35-CLAIMS-004-03","TR-GEN-GROUNDED-QWEN35-CLAIMS-004","grounded generation automated quality","automated_quality_checks_met","2","cases out of 4","accepted limitation","Yes","No","2/4 responses met every fixed automated rule.",".local\ai-feasibility-spike\results\grounded-inquiry\GEN-GROUNDED-OLLAMA-QWEN35-4B-CLAIMS-004\run-20260802-053419Z\run-summary.json","Project team","Manual review did not rewrite the saved automated result."
"MR-GEN-GROUNDED-QWEN35-CLAIMS-004-04","TR-GEN-GROUNDED-QWEN35-CLAIMS-004","grounded generation manual review","manually_useful_as_is_cases","3","cases out of 4","reviewed","Yes","No","3/4 cases were useful as-is.",".local\ai-feasibility-spike\results\grounded-inquiry-manual-review\qwen35-comparison-v1\run-20260802-053419Z--run-20260802-053900Z\manual-review-v1\manual-review.csv","Project team","Human judgment over preserved outputs."
"MR-GEN-GROUNDED-QWEN35-CLAIMS-004-05","TR-GEN-GROUNDED-QWEN35-CLAIMS-004","grounded generation manual review","manually_useful_after_light_edit_cases","0","cases out of 4","reviewed","Yes","No","0/4 cases were useful after only a light wording edit.",".local\ai-feasibility-spike\results\grounded-inquiry-manual-review\qwen35-comparison-v1\run-20260802-053419Z--run-20260802-053900Z\manual-review-v1\manual-review.csv","Project team","Used with as-is count for the 80% usefulness criterion."
"MR-GEN-GROUNDED-QWEN35-CLAIMS-004-06","TR-GEN-GROUNDED-QWEN35-CLAIMS-004","grounded generation manual review","manually_partially_useful_cases","0","cases out of 4","reviewed","No","","0/4 cases were partially useful but not acceptable as-is.",".local\ai-feasibility-spike\results\grounded-inquiry-manual-review\qwen35-comparison-v1\run-20260802-053419Z--run-20260802-053900Z\manual-review-v1\manual-review.csv","Project team","Preserved as qualitative evidence."
"MR-GEN-GROUNDED-QWEN35-CLAIMS-004-07","TR-GEN-GROUNDED-QWEN35-CLAIMS-004","grounded generation manual review","manually_not_useful_as_is_cases","1","cases out of 4","reviewed","No","","1/4 cases were not useful as-is.",".local\ai-feasibility-spike\results\grounded-inquiry-manual-review\qwen35-comparison-v1\run-20260802-053419Z--run-20260802-053900Z\manual-review-v1\manual-review.csv","Project team","Preserved as qualitative evidence."
"MR-GEN-GROUNDED-QWEN35-CLAIMS-004-08","TR-GEN-GROUNDED-QWEN35-CLAIMS-004","grounded generation source contract","manual_grounded_contract_passes","3","cases out of 4","accepted limitation","Yes","No","3/4 cases fully met the manually reviewed grounding/source contract.",".local\ai-feasibility-spike\results\grounded-inquiry-manual-review\qwen35-comparison-v1\run-20260802-053419Z--run-20260802-053900Z\manual-review-v1\manual-review.csv","Project team","No source-label or expected-behavior failure was silently reclassified."
"MR-GEN-GROUNDED-QWEN35-CLAIMS-004-09","TR-GEN-GROUNDED-QWEN35-CLAIMS-004","grounded generation latency","median_generation_ms","50220.183","milliseconds","accepted limitation","Yes","No","Compared with the 30-second viable-local-interactive median criterion.",".local\ai-feasibility-spike\results\grounded-inquiry\GEN-GROUNDED-OLLAMA-QWEN35-4B-CLAIMS-004\run-20260802-053419Z\run-summary.json","Project team","Single-user local run."
"MR-GEN-GROUNDED-QWEN35-CLAIMS-004-10","TR-GEN-GROUNDED-QWEN35-CLAIMS-004","grounded generation latency","p90_generation_ms","82131.3026","milliseconds","observed","No","","Nearest-rank p90 retained as an observation.",".local\ai-feasibility-spike\results\grounded-inquiry\GEN-GROUNDED-OLLAMA-QWEN35-4B-CLAIMS-004\run-20260802-053419Z\run-summary.json","Project team","Small fixed stage sample."
"MR-GEN-GROUNDED-QWEN35-CLAIMS-004-11","TR-GEN-GROUNDED-QWEN35-CLAIMS-004","grounded generation latency","cases_within_60_seconds","2","cases out of 4","accepted limitation","Yes","No","2/4 cases completed within 60 seconds; accepted criterion requires at least 90%.",".local\ai-feasibility-spike\results\grounded-inquiry\GEN-GROUNDED-OLLAMA-QWEN35-4B-CLAIMS-004\run-20260802-053419Z\run-summary.json","Project team","Single-user local run."
"MR-GEN-GROUNDED-QWEN35-CLAIMS-004-12","TR-GEN-GROUNDED-QWEN35-CLAIMS-004","grounded generation completion quality","output_limit_hits","0","cases","passed","Yes","Yes","0 response(s) reached the configured 400-token limit.",".local\ai-feasibility-spike\results\grounded-inquiry\GEN-GROUNDED-OLLAMA-QWEN35-4B-CLAIMS-004\run-20260802-053419Z\run-summary.json","Project team","No automatic retry or silent token-limit increase."
"MR-GEN-GROUNDED-QWEN35-DIVERSE-005-01","TR-GEN-GROUNDED-QWEN35-DIVERSE-005","grounded generation execution","completed_cases","2","cases out of 2","passed","Yes","Yes","Every planned fixed case produced a saved response.",".local\ai-feasibility-spike\results\grounded-inquiry\GEN-GROUNDED-OLLAMA-QWEN35-4B-DIVERSE-005\run-20260802-053900Z\run-summary.json","Project team","No automatic retry."
"MR-GEN-GROUNDED-QWEN35-DIVERSE-005-02","TR-GEN-GROUNDED-QWEN35-DIVERSE-005","grounded generation execution","failed_requests","0","requests","passed","Yes","Yes","No transport or runtime-completion failure occurred.",".local\ai-feasibility-spike\results\grounded-inquiry\GEN-GROUNDED-OLLAMA-QWEN35-4B-DIVERSE-005\run-20260802-053900Z\run-summary.json","Project team","Quality misses remain separate evidence."
"MR-GEN-GROUNDED-QWEN35-DIVERSE-005-03","TR-GEN-GROUNDED-QWEN35-DIVERSE-005","grounded generation automated quality","automated_quality_checks_met","1","cases out of 2","accepted limitation","Yes","No","1/2 responses met every fixed automated rule.",".local\ai-feasibility-spike\results\grounded-inquiry\GEN-GROUNDED-OLLAMA-QWEN35-4B-DIVERSE-005\run-20260802-053900Z\run-summary.json","Project team","Manual review did not rewrite the saved automated result."
"MR-GEN-GROUNDED-QWEN35-DIVERSE-005-04","TR-GEN-GROUNDED-QWEN35-DIVERSE-005","grounded generation manual review","manually_useful_as_is_cases","0","cases out of 2","reviewed","Yes","No","0/2 cases were useful as-is.",".local\ai-feasibility-spike\results\grounded-inquiry-manual-review\qwen35-comparison-v1\run-20260802-053419Z--run-20260802-053900Z\manual-review-v1\manual-review.csv","Project team","Human judgment over preserved outputs."
"MR-GEN-GROUNDED-QWEN35-DIVERSE-005-05","TR-GEN-GROUNDED-QWEN35-DIVERSE-005","grounded generation manual review","manually_useful_after_light_edit_cases","0","cases out of 2","reviewed","Yes","No","0/2 cases were useful after only a light wording edit.",".local\ai-feasibility-spike\results\grounded-inquiry-manual-review\qwen35-comparison-v1\run-20260802-053419Z--run-20260802-053900Z\manual-review-v1\manual-review.csv","Project team","Used with as-is count for the 80% usefulness criterion."
"MR-GEN-GROUNDED-QWEN35-DIVERSE-005-06","TR-GEN-GROUNDED-QWEN35-DIVERSE-005","grounded generation manual review","manually_partially_useful_cases","2","cases out of 2","reviewed","No","","2/2 cases were partially useful but not acceptable as-is.",".local\ai-feasibility-spike\results\grounded-inquiry-manual-review\qwen35-comparison-v1\run-20260802-053419Z--run-20260802-053900Z\manual-review-v1\manual-review.csv","Project team","Preserved as qualitative evidence."
"MR-GEN-GROUNDED-QWEN35-DIVERSE-005-07","TR-GEN-GROUNDED-QWEN35-DIVERSE-005","grounded generation manual review","manually_not_useful_as_is_cases","0","cases out of 2","reviewed","No","","0/2 cases were not useful as-is.",".local\ai-feasibility-spike\results\grounded-inquiry-manual-review\qwen35-comparison-v1\run-20260802-053419Z--run-20260802-053900Z\manual-review-v1\manual-review.csv","Project team","Preserved as qualitative evidence."
"MR-GEN-GROUNDED-QWEN35-DIVERSE-005-08","TR-GEN-GROUNDED-QWEN35-DIVERSE-005","grounded generation source contract","manual_grounded_contract_passes","0","cases out of 2","accepted limitation","Yes","No","0/2 cases fully met the manually reviewed grounding/source contract.",".local\ai-feasibility-spike\results\grounded-inquiry-manual-review\qwen35-comparison-v1\run-20260802-053419Z--run-20260802-053900Z\manual-review-v1\manual-review.csv","Project team","No source-label or expected-behavior failure was silently reclassified."
"MR-GEN-GROUNDED-QWEN35-DIVERSE-005-09","TR-GEN-GROUNDED-QWEN35-DIVERSE-005","grounded generation latency","median_generation_ms","71402.504","milliseconds","accepted limitation","Yes","No","Compared with the 30-second viable-local-interactive median criterion.",".local\ai-feasibility-spike\results\grounded-inquiry\GEN-GROUNDED-OLLAMA-QWEN35-4B-DIVERSE-005\run-20260802-053900Z\run-summary.json","Project team","Single-user local run."
"MR-GEN-GROUNDED-QWEN35-DIVERSE-005-10","TR-GEN-GROUNDED-QWEN35-DIVERSE-005","grounded generation latency","p90_generation_ms","71785.7804","milliseconds","observed","No","","Nearest-rank p90 retained as an observation.",".local\ai-feasibility-spike\results\grounded-inquiry\GEN-GROUNDED-OLLAMA-QWEN35-4B-DIVERSE-005\run-20260802-053900Z\run-summary.json","Project team","Small fixed stage sample."
"MR-GEN-GROUNDED-QWEN35-DIVERSE-005-11","TR-GEN-GROUNDED-QWEN35-DIVERSE-005","grounded generation latency","cases_within_60_seconds","0","cases out of 2","accepted limitation","Yes","No","0/2 cases completed within 60 seconds; accepted criterion requires at least 90%.",".local\ai-feasibility-spike\results\grounded-inquiry\GEN-GROUNDED-OLLAMA-QWEN35-4B-DIVERSE-005\run-20260802-053900Z\run-summary.json","Project team","Single-user local run."
"MR-GEN-GROUNDED-QWEN35-DIVERSE-005-12","TR-GEN-GROUNDED-QWEN35-DIVERSE-005","grounded generation completion quality","output_limit_hits","0","cases","passed","Yes","Yes","0 response(s) reached the configured 400-token limit.",".local\ai-feasibility-spike\results\grounded-inquiry\GEN-GROUNDED-OLLAMA-QWEN35-4B-DIVERSE-005\run-20260802-053900Z\run-summary.json","Project team","No automatic retry or silent token-limit increase."
"MR-CTRL-GROUNDED-MODEL-INDEPENDENT-001-01","TR-CTRL-GROUNDED-MODEL-INDEPENDENT-001","execution","planned_cases","21","cases","passed","Yes","Yes","Fixed test plan contained exactly 21 synthetic cases.",".local/ai-feasibility-spike/results/control-layer/CTRL-GROUNDED-MODEL-INDEPENDENT-001/run-20260802-082631Z/run-summary.json","Project team","All cases were predefined and synthetic."
"MR-CTRL-GROUNDED-MODEL-INDEPENDENT-001-02","TR-CTRL-GROUNDED-MODEL-INDEPENDENT-001","execution","passed_cases","21","cases out of 21","passed","Yes","Yes","Every fixed case met its expected outcome.",".local/ai-feasibility-spike/results/control-layer/CTRL-GROUNDED-MODEL-INDEPENDENT-001/run-20260802-082631Z/case-results.csv","Project team","Independent audit reconciled plan and results."
"MR-CTRL-GROUNDED-MODEL-INDEPENDENT-001-03","TR-CTRL-GROUNDED-MODEL-INDEPENDENT-001","execution","failed_cases","0","cases","passed","Yes","Yes","No fixed control-layer case failed.",".local/ai-feasibility-spike/results/control-layer/CTRL-GROUNDED-MODEL-INDEPENDENT-001/run-20260802-082631Z/run-summary.json","Project team","Quality boundaries remain separate from execution completeness."
"MR-CTRL-GROUNDED-MODEL-INDEPENDENT-001-04","TR-CTRL-GROUNDED-MODEL-INDEPENDENT-001","mandatory safety","mandatory_guardrail_occurrences","0","occurrences","passed","Yes","Yes","No mandatory unsafe occurrence was observed.",".local/ai-feasibility-spike/results/control-layer/CTRL-GROUNDED-MODEL-INDEPENDENT-001/run-20260802-082631Z/run-summary.json","Project team","Aggregate mandatory guardrail result."
"MR-CTRL-GROUNDED-MODEL-INDEPENDENT-001-05","TR-CTRL-GROUNDED-MODEL-INDEPENDENT-001","policy gate","prohibited_answer_leakage_occurrences","0","occurrences","passed","Yes","Yes","The prohibited synthetic request returned no substantive answer.",".local/ai-feasibility-spike/results/control-layer/CTRL-GROUNDED-MODEL-INDEPENDENT-001/run-20260802-082631Z/case-results.csv","Project team","Tests enforcement after a request is classified as prohibited; detection quality is not proven."
"MR-CTRL-GROUNDED-MODEL-INDEPENDENT-001-06","TR-CTRL-GROUNDED-MODEL-INDEPENDENT-001","evidence eligibility","stale_or_ineligible_evidence_use_occurrences","0","occurrences","passed","Yes","Yes","Stale or ineligible synthetic evidence was not used.",".local/ai-feasibility-spike/results/control-layer/CTRL-GROUNDED-MODEL-INDEPENDENT-001/run-20260802-082631Z/case-results.csv","Project team","Includes mixed eligibility and stale-cache cases."
"MR-CTRL-GROUNDED-MODEL-INDEPENDENT-001-07","TR-CTRL-GROUNDED-MODEL-INDEPENDENT-001","second revalidation","answers_after_revalidation_failure","0","answers","passed","Yes","Yes","No answer was returned after pre-return evidence revalidation failed.",".local/ai-feasibility-spike/results/control-layer/CTRL-GROUNDED-MODEL-INDEPENDENT-001/run-20260802-082631Z/case-results.csv","Project team","Fail-closed return boundary."
"MR-CTRL-GROUNDED-MODEL-INDEPENDENT-001-08","TR-CTRL-GROUNDED-MODEL-INDEPENDENT-001","grounding contract","substantive_answers_without_evidence","0","answers","passed","Yes","Yes","No substantive answer was returned without eligible evidence.",".local/ai-feasibility-spike/results/control-layer/CTRL-GROUNDED-MODEL-INDEPENDENT-001/run-20260802-082631Z/case-results.csv","Project team","Includes defense-in-depth direct validation."
"MR-CTRL-GROUNDED-MODEL-INDEPENDENT-001-09","TR-CTRL-GROUNDED-MODEL-INDEPENDENT-001","completion integrity","false_ready_or_success_occurrences","0","occurrences","passed","Yes","Yes","No partial or rejected case was marked ready or successful.",".local/ai-feasibility-spike/results/control-layer/CTRL-GROUNDED-MODEL-INDEPENDENT-001/run-20260802-082631Z/case-results.csv","Project team","False-completion guard."
"MR-CTRL-GROUNDED-MODEL-INDEPENDENT-001-10","TR-CTRL-GROUNDED-MODEL-INDEPENDENT-001","authority boundary","invalid_authority_side_effects","0","occurrences","passed","Yes","Yes","Unexpected resource-status authority fields were rejected.",".local/ai-feasibility-spike/results/control-layer/CTRL-GROUNDED-MODEL-INDEPENDENT-001/run-20260802-082631Z/case-results.csv","Project team","AI remains non-authoritative."
"MR-CTRL-GROUNDED-MODEL-INDEPENDENT-001-11","TR-CTRL-GROUNDED-MODEL-INDEPENDENT-001","logging privacy","unsafe_log_exposures","0","occurrences","passed","Yes","Yes","Synthetic secrets and raw provider-error content were absent from saved decision and event evidence.",".local/ai-feasibility-spike/results/control-layer/CTRL-GROUNDED-MODEL-INDEPENDENT-001/run-20260802-082631Z/event-log.jsonl","Project team","Minimal event schema retained."
"MR-CTRL-GROUNDED-MODEL-INDEPENDENT-001-12","TR-CTRL-GROUNDED-MODEL-INDEPENDENT-001","fallback","metadata_search_preserved_cases","21","cases out of 21","passed","Yes","Yes","The non-AI metadata-search path remained available in every fixed case.",".local/ai-feasibility-spike/results/control-layer/CTRL-GROUNDED-MODEL-INDEPENDENT-001/run-20260802-082631Z/case-results.csv","Project team","AI failure or refusal does not remove core discovery."
"MR-CTRL-GROUNDED-MODEL-INDEPENDENT-001-13","TR-CTRL-GROUNDED-MODEL-INDEPENDENT-001","evidence package","decision_records","21","records","observed","No","","One minimal user-facing decision record was saved per case.",".local/ai-feasibility-spike/results/control-layer/CTRL-GROUNDED-MODEL-INDEPENDENT-001/run-20260802-082631Z/decision-records.jsonl","Project team","No raw prompt or model response was persisted."
"MR-CTRL-GROUNDED-MODEL-INDEPENDENT-001-14","TR-CTRL-GROUNDED-MODEL-INDEPENDENT-001","evidence package","lifecycle_events","89","events","observed","No","","Lifecycle event evidence covered all 21 cases.",".local/ai-feasibility-spike/results/control-layer/CTRL-GROUNDED-MODEL-INDEPENDENT-001/run-20260802-082631Z/event-log.jsonl","Project team","Every case has one start and one completion event."
"MR-CTRL-GROUNDED-MODEL-INDEPENDENT-001-15","TR-CTRL-GROUNDED-MODEL-INDEPENDENT-001","execution isolation","real_model_api_network_requests","0","requests","passed","Yes","Yes","No real model, provider API, or network request was made.",".local/ai-feasibility-spike/results/control-layer/CTRL-GROUNDED-MODEL-INDEPENDENT-001/run-20260802-082631Z/run-summary.json","Project team","Model-independent enforcement checkpoint."
"MR-CTRL-GROUNDED-MODEL-INDEPENDENT-001-16","TR-CTRL-GROUNDED-MODEL-INDEPENDENT-001","evaluation isolation","registered_evaluation_queries_used","0","queries","passed","Yes","Yes","No registered evaluation query was used.",".local/ai-feasibility-spike/results/control-layer/CTRL-GROUNDED-MODEL-INDEPENDENT-001/run-20260802-082631Z/run-summary.json","Project team","Prevents this checkpoint from being mistaken for another quality evaluation."
"MR-CTRL-GROUNDED-MODEL-INDEPENDENT-001-17","TR-CTRL-GROUNDED-MODEL-INDEPENDENT-001","privacy isolation","bpc_resource_records_used","0","records","passed","Yes","Yes","No BPC resource content was used.",".local/ai-feasibility-spike/results/control-layer/CTRL-GROUNDED-MODEL-INDEPENDENT-001/run-20260802-082631Z/run-summary.json","Project team","All content was synthetic."
"MR-CTRL-GROUNDED-MODEL-INDEPENDENT-001-18","TR-CTRL-GROUNDED-MODEL-INDEPENDENT-001","scope boundary","classification_detection_quality_proven","0","boolean","accepted limitation","No","","The checkpoint assumes a request category is supplied and does not prove perfect prohibited-query detection.",".local/ai-feasibility-spike/results/control-layer/CTRL-GROUNDED-MODEL-INDEPENDENT-001/run-20260802-082631Z/run-summary.json","Project team","Requires a separate classifier/policy-detection evaluation."
"MR-CTRL-GROUNDED-MODEL-INDEPENDENT-001-19","TR-CTRL-GROUNDED-MODEL-INDEPENDENT-001","scope boundary","session_follow_up_tested","0","boolean","accepted limitation","No","","Session-scoped continuity and clearing were not tested.",".local/ai-feasibility-spike/results/control-layer/CTRL-GROUNDED-MODEL-INDEPENDENT-001/run-20260802-082631Z/run-summary.json","Project team","Separate checkpoint remains required."
"MR-CTRL-GROUNDED-MODEL-INDEPENDENT-001-20","TR-CTRL-GROUNDED-MODEL-INDEPENDENT-001","scope boundary","complete_application_fallback_proven","0","boolean","accepted limitation","No","","The deterministic fallback decision was tested, but full application fallback was not.",".local/ai-feasibility-spike/results/control-layer/CTRL-GROUNDED-MODEL-INDEPENDENT-001/run-20260802-082631Z/run-summary.json","Project team","Requires integration-level validation."
"MR-CTRL-GROUNDED-MODEL-INDEPENDENT-001-21","TR-CTRL-GROUNDED-MODEL-INDEPENDENT-001","authorization boundary","application_integration_authorized","0","boolean","accepted limitation","No","","This checkpoint does not authorize application integration or final architecture selection.",".local/ai-feasibility-spike/results/control-layer/CTRL-GROUNDED-MODEL-INDEPENDENT-001/run-20260802-082631Z/run-summary.json","Project team","Registration records evidence; it does not select a product architecture."
